,manufacturer,model number,description,safety certification,nameplate Pmax [W],PTC [W],Notes,Family,Technology,area [m2],N_s,N_p,BIPV,Nameplate Isc [A],Nameplate Voc [V],Nameplate Ipmax [A],Nameplate Vpmax [V],Average NOCT [C],gamma_pmax [%/C],alpha_Isc [%/C],beta_Voc [%/C],alpha_Ipmax [%/C],beta_Vpmax [%/C],Ipmax [A],Vpmax [V],Ipmax_NOCT [A],Vpmax_NOCT [V],mounting,type,short length [m],long length [m],geometric multiplier,beta_Voc [V/C],alpha_Isc [A/C],tech_combined,cell_type,year_added,bifacial,heterojunction,STC [W],breakdown_factor,breakdown_exp,breakdown_voltage,eg_ref,dEgdT,photocurrent (I_L),saturation_current (I_o),resistance_series (R_s),resistance_shunt (R_sh),a_ref,adjust
0,SANYO ELECTRIC CO LTD OF PANASONIC GROUP,VBHN225SA06B,225 W HIT Hybrid Amorphous/Monocrystalline Module,UL 1703,225.0,209.2,,Monocrystalline,Mono-c-Si,1.26,72,1.0,N,5.83,50.6,5.42,41.6,48.3,-0.3,0.002,-0.24,0.0,-0.3,1.08,40.05,4.35,38.7,Rack,Flat Plate,0.798,1.58,1.0,-0.12144,0.0001166,Mono-c-SiMonocrystalline,monoSi,1900,False,True,225.472,0.002,3,-15,1.121,-0.0002677,5.846935372272518,4.313111741808093e-13,0.6748743236968126,232.32541008267265,1.6755020813392636,-7.9688484043748735
1,SANYO ELECTRIC CO LTD OF PANASONIC GROUP,VBHN230DA02,230 W HIT Hybrid Amorphous/Monocrystalline Module,UL 1703,230.0,216.0,,Monocrystalline,Mono-c-Si,1.41,72,1.0,N,5.56,52.9,5.26,43.8,45.8,-0.284,0.047,-0.235,-0.044,-0.24,1.06,41.34,4.26,40.7,Rack,Flat Plate,0.862,1.63,1.0,-0.124315,0.0026132,Mono-c-SiMonocrystalline,monoSi,1900,False,True,230.388,0.002,3,-15,1.121,-0.0002677,5.565460199165201,1.1817213970611086e-12,0.6411863546435431,652.905876678392,1.8137580116051322,1.7950704993942208
2,SANYO ELECTRIC CO LTD OF PANASONIC GROUP,VBHN230DA02B,230 W HIT Hybrid Amorphous/Monocrystalline Module,UL 1703,230.0,216.0,,Monocrystalline,Mono-c-Si,1.41,72,1.0,N,5.56,52.9,5.26,43.8,45.8,-0.284,0.047,-0.235,-0.044,-0.24,1.06,41.34,4.26,40.7,Rack,Flat Plate,0.862,1.63,1.0,-0.124315,0.0026132,Mono-c-SiMonocrystalline,monoSi,1900,False,True,230.388,0.002,3,-15,1.121,-0.0002677,5.565460199165201,1.1817213970611086e-12,0.6411863546435431,652.905876678392,1.8137580116051322,1.7950704993942208
3,SANYO ELECTRIC CO LTD OF PANASONIC GROUP,VBHN230SA04,230 W HIT Hybrid Amorphous/Monocrystalline Module,UL 1703,230.0,214.0,,Monocrystalline,Mono-c-Si,1.26,72,1.0,N,5.83,51.2,5.45,42.3,48.3,-0.3,0.03,-0.24,0.0,-0.3,1.09,40.72,4.37,39.3,Rack,Flat Plate,0.798,1.58,1.0,-0.12288,0.001749,Mono-c-SiMonocrystalline,monoSi,1900,False,True,230.535,0.002,3,-15,1.121,-0.0002677,5.841791407714183,1.3850290984300414e-12,0.6108871013881984,302.03957742458323,1.7630313291351085,0.8878779790645072
4,SANYO ELECTRIC CO LTD OF PANASONIC GROUP,VBHN230SA04B,230 W HIT Hybrid Amorphous/Monocrystalline Module,UL 1703,230.0,214.0,,Monocrystalline,Mono-c-Si,1.26,72,1.0,N,5.83,51.2,5.45,42.3,48.3,-0.3,0.03,-0.24,0.0,-0.3,1.09,40.72,4.37,39.3,Rack,Flat Plate,0.798,1.58,1.0,-0.12288,0.001749,Mono-c-SiMonocrystalline,monoSi,1900,False,True,230.535,0.002,3,-15,1.121,-0.0002677,5.841791407714183,1.3850290984300414e-12,0.6108871013881984,302.03957742458323,1.7630313291351085,0.8878779790645072
5,SANYO ELECTRIC CO LTD OF PANASONIC GROUP,VBHN230SA06,230 W HIT Hybrid Amorphous/Monocrystalline Module,UL 1703,230.0,214.0,,Monocrystalline,Mono-c-Si,1.26,72,1.0,N,5.83,51.2,5.45,42.3,48.3,-0.3,0.002,-0.24,0.0,-0.3,1.09,40.72,4.37,39.3,Rack,Flat Plate,0.798,1.58,1.0,-0.12288,0.0001166,Mono-c-SiMonocrystalline,monoSi,1900,False,True,230.535,0.002,3,-15,1.121,-0.0002677,5.843118773126251,4.2974947808110406e-13,0.6394741858494203,284.18316772935714,1.6948300020489113,-8.021115102066892
6,SANYO ELECTRIC CO LTD OF PANASONIC GROUP,VBHN230SA06B,230 W HIT Hybrid Amorphous/Monocrystalline Module,UL 1703,230.0,214.0,,Monocrystalline,Mono-c-Si,1.26,72,1.0,N,5.83,51.2,5.45,42.3,48.3,-0.3,0.002,-0.24,0.0,-0.3,1.09,40.72,4.37,39.3,Rack,Flat Plate,0.798,1.58,1.0,-0.12288,0.0001166,Mono-c-SiMonocrystalline,monoSi,1900,False,True,230.535,0.002,3,-15,1.121,-0.0002677,5.843118773126251,4.2974947808110406e-13,0.6394741858494203,284.18316772935714,1.6948300020489113,-8.021115102066892
7,SANYO ELECTRIC CO LTD OF PANASONIC GROUP,VBHN230SA11,230 W HIT Hybrid Amorphous/Monocrystalline Module,UL 1703,230.0,214.0,,Monocrystalline,Mono-c-Si,1.26,72,1.0,N,5.83,51.2,5.45,42.3,48.3,-0.3,0.03,-0.24,0.0,-0.3,1.08,40.83,4.36,39.4,Rack,Flat Plate,0.798,1.58,1.0,-0.12288,0.001749,Mono-c-SiMonocrystalline,monoSi,1900,False,True,230.535,0.002,3,-15,1.121,-0.0002677,5.841791407714183,1.3850290984300414e-12,0.6108871013881984,302.03957742458323,1.7630313291351085,0.8878779790645072
8,SANYO ELECTRIC CO LTD OF PANASONIC GROUP,VBHN230SA11B,230 W HIT Hybrid Amorphous/Monocrystalline Module,UL 1703,230.0,214.0,,Monocrystalline,Mono-c-Si,1.26,72,1.0,N,5.83,51.2,5.45,42.3,48.3,-0.3,0.03,-0.24,0.0,-0.3,1.08,40.83,4.36,39.4,Rack,Flat Plate,0.798,1.58,1.0,-0.12288,0.001749,Mono-c-SiMonocrystalline,monoSi,1900,False,True,230.535,0.002,3,-15,1.121,-0.0002677,5.841791407714183,1.3850290984300414e-12,0.6108871013881984,302.03957742458323,1.7630313291351085,0.8878779790645072
9,SANYO ELECTRIC CO LTD OF PANASONIC GROUP,VBHN235SA04,235 W HIT Hybrid Amorphous/Monocrystalline Module,UL 1703,235.0,218.7,,Monocrystalline,Mono-c-Si,1.26,72,1.0,N,5.84,51.8,5.48,43.0,48.3,-0.3,0.03,-0.24,0.0,-0.3,1.09,41.51,4.39,40.0,Rack,Flat Plate,0.798,1.58,1.0,-0.12432,0.001752,Mono-c-SiMonocrystalline,monoSi,1900,False,True,235.64,0.002,3,-15,1.121,-0.0002677,5.8493787985537296,1.4114566454082405e-12,0.5746338753819544,357.81361714840995,1.7845040118127136,1.0155674020433743
10,SANYO ELECTRIC CO LTD OF PANASONIC GROUP,VBHN235SA04B,235 W HIT Hybrid Amorphous/Monocrystalline Module,UL 1703,235.0,218.7,,Monocrystalline,Mono-c-Si,1.26,72,1.0,N,5.84,51.8,5.48,43.0,48.3,-0.3,0.03,-0.24,0.0,-0.3,1.09,41.51,4.39,40.0,Rack,Flat Plate,0.798,1.58,1.0,-0.12432,0.001752,Mono-c-SiMonocrystalline,monoSi,1900,False,True,235.64,0.002,3,-15,1.121,-0.0002677,5.8493787985537296,1.4114566454082405e-12,0.5746338753819544,357.81361714840995,1.7845040118127136,1.0155674020433743
11,SANYO ELECTRIC CO LTD OF PANASONIC GROUP,VBHN235SA06,235 W HIT Hybrid Amorphous/Monocrystalline Module,UL 1703,235.0,218.7,,Monocrystalline,Mono-c-Si,1.26,72,1.0,N,5.84,51.8,5.48,43.0,48.3,-0.3,0.03,-0.24,0.0,-0.3,1.09,41.51,4.39,40.0,Rack,Flat Plate,0.798,1.58,1.0,-0.12432,0.001752,Mono-c-SiMonocrystalline,monoSi,1900,False,True,235.64,0.002,3,-15,1.121,-0.0002677,5.8493787985537296,1.4114566454082405e-12,0.5746338753819544,357.81361714840995,1.7845040118127136,1.0155674020433743
12,SANYO ELECTRIC CO LTD OF PANASONIC GROUP,VBHN235SA06B,235 W HIT Hybrid Amorphous/Monocrystalline Module,UL 1703,235.0,218.7,,Monocrystalline,Mono-c-Si,1.26,72,1.0,N,5.84,51.8,5.48,43.0,48.3,-0.3,0.03,-0.24,0.0,-0.3,1.09,41.51,4.39,40.0,Rack,Flat Plate,0.798,1.58,1.0,-0.12432,0.001752,Mono-c-SiMonocrystalline,monoSi,1900,False,True,235.64,0.002,3,-15,1.121,-0.0002677,5.8493787985537296,1.4114566454082405e-12,0.5746338753819544,357.81361714840995,1.7845040118127136,1.0155674020433743
13,SANYO ELECTRIC CO LTD OF PANASONIC GROUP,VBHN235SA11,235 W HIT Hybrid Amorphous/Monocrystalline Module,UL 1703,235.0,218.7,,Monocrystalline,Mono-c-Si,1.26,72,1.0,N,5.84,51.8,5.48,43.0,48.3,-0.3,0.03,-0.24,0.0,-0.3,1.09,41.51,4.39,40.0,Rack,Flat Plate,0.798,1.58,1.0,-0.12432,0.001752,Mono-c-SiMonocrystalline,monoSi,1900,False,True,235.64,0.002,3,-15,1.121,-0.0002677,5.8493787985537296,1.4114566454082405e-12,0.5746338753819544,357.81361714840995,1.7845040118127136,1.0155674020433743
14,SANYO ELECTRIC CO LTD OF PANASONIC GROUP,VBHN235SA11B,235 W HIT Hybrid Amorphous/Monocrystalline Module,UL 1703,235.0,218.7,,Monocrystalline,Mono-c-Si,1.26,72,1.0,N,5.84,51.8,5.48,43.0,48.3,-0.3,0.03,-0.24,0.0,-0.3,1.09,41.51,4.39,40.0,Rack,Flat Plate,0.798,1.58,1.0,-0.12432,0.001752,Mono-c-SiMonocrystalline,monoSi,1900,False,True,235.64,0.002,3,-15,1.121,-0.0002677,5.8493787985537296,1.4114566454082405e-12,0.5746338753819544,357.81361714840995,1.7845040118127136,1.0155674020433743
15,SANYO ELECTRIC CO LTD OF PANASONIC GROUP,VBHN240SA04,240 W HIT Hybrid Amorphous/Monocrystalline Module,UL 1703,240.0,223.5,,Monocrystalline,Mono-c-Si,1.26,72,1.0,N,5.85,52.4,5.51,43.7,48.3,-0.3,0.03,-0.24,0.0,-0.3,1.09,42.19,4.41,40.7,Rack,Flat Plate,0.798,1.58,1.0,-0.12576,0.001755,Mono-c-SiMonocrystalline,monoSi,1900,False,True,240.787,0.002,3,-15,1.121,-0.0002677,5.857232803706223,1.436030640240722e-12,0.5388669417911297,435.8436562750565,1.805895474388342,1.1295958384641407
16,SANYO ELECTRIC CO LTD OF PANASONIC GROUP,VBHN240SA04B,240 W HIT Hybrid Amorphous/Monocrystalline Module,UL 1703,240.0,223.5,,Monocrystalline,Mono-c-Si,1.26,72,1.0,N,5.85,52.4,5.51,43.7,48.3,-0.3,0.03,-0.24,0.0,-0.3,1.09,42.19,4.41,40.7,Rack,Flat Plate,0.798,1.58,1.0,-0.12576,0.001755,Mono-c-SiMonocrystalline,monoSi,1900,False,True,240.787,0.002,3,-15,1.121,-0.0002677,5.857232803706223,1.436030640240722e-12,0.5388669417911297,435.8436562750565,1.805895474388342,1.1295958384641407
17,SANYO ELECTRIC CO LTD OF PANASONIC GROUP,VBHN240SA06,240 W HIT Hybrid Amorphous/Monocrystalline Module,UL 1703,240.0,223.5,,Monocrystalline,Mono-c-Si,1.26,72,1.0,N,5.85,52.4,5.51,43.7,48.3,-0.3,0.03,-0.24,0.0,-0.3,1.09,42.19,4.41,40.7,Rack,Flat Plate,0.798,1.58,1.0,-0.12576,0.001755,Mono-c-SiMonocrystalline,monoSi,1900,False,True,240.787,0.002,3,-15,1.121,-0.0002677,5.857232803706223,1.436030640240722e-12,0.5388669417911297,435.8436562750565,1.805895474388342,1.1295958384641407
18,SANYO ELECTRIC CO LTD OF PANASONIC GROUP,VBHN240SA06B,240 W HIT Hybrid Amorphous/Monocrystalline Module,UL 1703,240.0,223.5,,Monocrystalline,Mono-c-Si,1.26,72,1.0,N,5.85,52.4,5.51,43.7,48.3,-0.3,0.03,-0.24,0.0,-0.3,1.09,42.19,4.41,40.7,Rack,Flat Plate,0.798,1.58,1.0,-0.12576,0.001755,Mono-c-SiMonocrystalline,monoSi,1900,False,True,240.787,0.002,3,-15,1.121,-0.0002677,5.857232803706223,1.436030640240722e-12,0.5388669417911297,435.8436562750565,1.805895474388342,1.1295958384641407
19,SANYO ELECTRIC CO LTD OF PANASONIC GROUP,VBHN240SA11,240 W HIT Hybrid Amorphous/Monocrystalline Module,UL 1703,240.0,223.5,,Monocrystalline,Mono-c-Si,1.26,72,1.0,N,5.85,52.4,5.51,43.7,48.3,-0.3,0.03,-0.24,0.0,-0.3,1.09,42.19,4.41,40.7,Rack,Flat Plate,0.798,1.58,1.0,-0.12576,0.001755,Mono-c-SiMonocrystalline,monoSi,1900,False,True,240.787,0.002,3,-15,1.121,-0.0002677,5.857232803706223,1.436030640240722e-12,0.5388669417911297,435.8436562750565,1.805895474388342,1.1295958384641407
20,SANYO ELECTRIC CO LTD OF PANASONIC GROUP,VBHN240SA11B,240 W HIT Hybrid Amorphous/Monocrystalline Module,UL 1703,240.0,223.5,,Monocrystalline,Mono-c-Si,1.26,72,1.0,N,5.85,52.4,5.51,43.7,48.3,-0.3,0.03,-0.24,0.0,-0.3,1.09,42.19,4.41,40.7,Rack,Flat Plate,0.798,1.58,1.0,-0.12576,0.001755,Mono-c-SiMonocrystalline,monoSi,1900,False,True,240.787,0.002,3,-15,1.121,-0.0002677,5.857232803706223,1.436030640240722e-12,0.5388669417911297,435.8436562750565,1.805895474388342,1.1295958384641407
21,SANYO ELECTRIC CO LTD OF PANASONIC GROUP,VBHN245SA04,245 W HIT Hybrid Amorphous/Monocrystalline Module,UL 1703,245.0,228.3,,Monocrystalline,Mono-c-Si,1.26,72,1.0,N,5.86,53.0,5.54,44.3,48.3,-0.3,0.03,-0.24,0.0,-0.3,1.1,42.77,4.44,41.2,Rack,Flat Plate,0.798,1.58,1.0,-0.1272,0.001758,Mono-c-SiMonocrystalline,monoSi,1900,False,True,245.422,0.002,3,-15,1.121,-0.0002677,5.865497307464605,1.4148056807555857e-12,0.524088813506919,558.6663053347363,1.8252693783554366,0.9747779881378649
22,SANYO ELECTRIC CO LTD OF PANASONIC GROUP,VBHN245SA04B,245 W HIT Hybrid Amorphous/Monocrystalline Module,UL 1703,245.0,228.3,,Monocrystalline,Mono-c-Si,1.26,72,1.0,N,5.86,53.0,5.54,44.3,48.3,-0.3,0.03,-0.24,0.0,-0.3,1.1,42.77,4.44,41.2,Rack,Flat Plate,0.798,1.58,1.0,-0.1272,0.001758,Mono-c-SiMonocrystalline,monoSi,1900,False,True,245.422,0.002,3,-15,1.121,-0.0002677,5.865497307464605,1.4148056807555857e-12,0.524088813506919,558.6663053347363,1.8252693783554366,0.9747779881378649
23,SANYO ELECTRIC CO LTD OF PANASONIC GROUP,VBHN245SA06,245 W HIT Hybrid Amorphous/Monocrystalline Module,UL 1703,245.0,228.3,,Monocrystalline,Mono-c-Si,1.26,72,1.0,N,5.86,53.0,5.54,44.3,48.3,-0.3,0.03,-0.24,0.0,-0.3,1.1,42.77,4.44,41.2,Rack,Flat Plate,0.798,1.58,1.0,-0.1272,0.001758,Mono-c-SiMonocrystalline,monoSi,1900,False,True,245.422,0.002,3,-15,1.121,-0.0002677,5.865497307464605,1.4148056807555857e-12,0.524088813506919,558.6663053347363,1.8252693783554366,0.9747779881378649
24,SANYO ELECTRIC CO LTD OF PANASONIC GROUP,VBHN245SA06B,245 W HIT Hybrid Amorphous/Monocrystalline Module,UL 1703,245.0,228.3,,Monocrystalline,Mono-c-Si,1.26,72,1.0,N,5.86,53.0,5.54,44.3,48.3,-0.3,0.03,-0.24,0.0,-0.3,1.1,42.77,4.44,41.2,Rack,Flat Plate,0.798,1.58,1.0,-0.1272,0.001758,Mono-c-SiMonocrystalline,monoSi,1900,False,True,245.422,0.002,3,-15,1.121,-0.0002677,5.865497307464605,1.4148056807555857e-12,0.524088813506919,558.6663053347363,1.8252693783554366,0.9747779881378649
25,SANYO ELECTRIC CO LTD OF PANASONIC GROUP,VBHN245SA11,245 W HIT Hybrid Amorphous/Monocrystalline Module,UL 1703,245.0,228.3,,Monocrystalline,Mono-c-Si,1.26,72,1.0,N,5.86,53.0,5.54,44.3,48.3,-0.3,0.03,-0.24,0.0,-0.3,1.1,42.77,4.44,41.2,Rack,Flat Plate,0.798,1.58,1.0,-0.1272,0.001758,Mono-c-SiMonocrystalline,monoSi,1900,False,True,245.422,0.002,3,-15,1.121,-0.0002677,5.865497307464605,1.4148056807555857e-12,0.524088813506919,558.6663053347363,1.8252693783554366,0.9747779881378649
26,SANYO ELECTRIC CO LTD OF PANASONIC GROUP,VBHN245SA11B,245 W HIT Hybrid Amorphous/Monocrystalline Module,UL 1703,245.0,228.3,,Monocrystalline,Mono-c-Si,1.26,72,1.0,N,5.86,53.0,5.54,44.3,48.3,-0.3,0.03,-0.24,0.0,-0.3,1.1,42.77,4.44,41.2,Rack,Flat Plate,0.798,1.58,1.0,-0.1272,0.001758,Mono-c-SiMonocrystalline,monoSi,1900,False,True,245.422,0.002,3,-15,1.121,-0.0002677,5.865497307464605,1.4148056807555857e-12,0.524088813506919,558.6663053347363,1.8252693783554366,0.9747779881378649
27,SANYO ELECTRIC CO LTD OF PANASONIC GROUP,VBHN307ZA04,"307 W, 96 cell HIT monocrystalline module, black backsheet, 600V max system Vdc",UL 1703,307.0,286.8,,Monocrystalline,Mono-c-Si,1.6,96,,N,5.75,69.7,5.31,57.8,49.2,-0.278,0.062,-0.262,0.031,-0.307,1.39,57.79,4.32,54.6,,,,,,-0.182614,0.003565,Mono-c-SiMonocrystalline,monoSi,2018,False,True,306.91799999999995,0.002,3,-15,1.121,-0.0002677,,,,,,
28,SANYO ELECTRIC CO LTD OF PANASONIC GROUP,VBHN310KA01,310 W HIT Hybrid Amorphous /Mono-Crystalline Solar Module,UL 1703,310.0,292.1,,Monocrystalline,Mono-c-Si,1.67,96,1.0,N,5.78,69.9,5.34,58.1,43.8,-0.31,0.03,-0.25,0.002,-0.31,1.07,56.27,4.29,54.9,,Flat Plate,1.053,1.59,1.0,-0.17475,0.001734,Mono-c-SiMonocrystalline,monoSi,2017,False,True,310.254,0.002,3,-15,1.121,-0.0002677,5.795440016211679,2.6178347501085217e-12,0.7504496699821211,280.93228896754636,2.4628404140105116,2.1557319925099483
29,SANYO ELECTRIC CO LTD OF PANASONIC GROUP,VBHN310KA03,"310 W, 96 cell HIT Hybrid Amorphous/Monocrystalline Module",UL 1703,310.0,288.1,,Monocrystalline,Mono-c-Si,1.56,96,,N,5.78,69.9,5.34,58.1,49.1,-0.303,0.053,-0.265,0.018,-0.32,1.41,56.73,4.39,53.7,,,,,,-0.185235,0.0030634,Mono-c-SiMonocrystalline,monoSi,2018,False,True,310.254,0.002,3,-15,1.121,-0.0002677,,,,,,
30,SANYO ELECTRIC CO LTD OF PANASONIC GROUP,VBHN310ZA03,310 W HIT monocrystalline with Silicon Heterojunction (SHJ) technology,UL 1703,310.0,287.5,,Monocrystalline,Mono-c-Si,1.6,96,,N,5.78,69.9,5.34,58.1,48.9,-0.311,0.044,-0.257,-0.005,-0.307,1.41,57.54,4.41,54.3,,,,,,-0.179643,0.0025432,Mono-c-SiMonocrystalline,monoSi,2018,False,True,310.254,0.002,3,-15,1.121,-0.0002677,,,,,,
31,SANYO ELECTRIC CO LTD OF PANASONIC GROUP,VBHN310ZA04,310 W HIT monocrystalline with Silicon Heterojunction (SHJ) technology,UL 1703,310.0,289.7,,Monocrystalline,Mono-c-Si,1.6,96,,N,5.78,69.9,5.34,58.1,49.2,-0.278,0.062,-0.262,0.031,-0.307,1.39,57.79,4.32,54.6,,,,,,-0.183138,0.0035836,Mono-c-SiMonocrystalline,monoSi,2018,False,True,310.254,0.002,3,-15,1.121,-0.0002677,,,,,,
32,SANYO ELECTRIC CO LTD OF PANASONIC GROUP,VBHN315KA01,315 W HIT Hybrid Amorphous /Mono-Crystalline Solar Module,UL 1703,315.0,296.9,,Monocrystalline,Mono-c-Si,1.67,96,1.0,N,5.83,70.2,5.4,58.4,43.8,-0.31,0.03,-0.25,0.002,-0.31,1.08,56.56,4.34,55.2,,Flat Plate,1.053,1.59,1.0,-0.1755,0.001749,Mono-c-SiMonocrystalline,monoSi,2017,False,True,315.36,0.002,3,-15,1.121,-0.0002677,5.844277519839362,2.5830322899460246e-12,0.7370362477947211,300.9571253707167,2.4712401571449725,1.9610643151905225
33,SANYO ELECTRIC CO LTD OF PANASONIC GROUP,VBHN315ZA03,315 W HIT monocrystalline with Silicon Heterojunction (SHJ) technology,UL 1703,315.0,292.2,,Monocrystalline,Mono-c-Si,1.6,96,,N,5.83,70.2,5.4,58.4,48.9,-0.311,0.044,-0.257,-0.005,-0.307,1.41,57.54,4.41,54.3,,,,,,-0.180414,0.0025652,Mono-c-SiMonocrystalline,monoSi,2018,False,True,315.36,0.002,3,-15,1.121,-0.0002677,,,,,,
34,SANYO ELECTRIC CO LTD OF PANASONIC GROUP,VBHN315ZA04,315 W HIT monocrystalline with Silicon Heterojunction (SHJ) technology,UL 1703,315.0,294.4,,Monocrystalline,Mono-c-Si,1.6,96,,N,5.83,70.2,5.4,58.4,49.2,-0.278,0.062,-0.262,0.031,-0.307,1.39,57.79,4.32,54.6,,,,,,-0.183924,0.0036146,Mono-c-SiMonocrystalline,monoSi,2018,False,True,315.36,0.002,3,-15,1.121,-0.0002677,,,,,,
35,SANYO ELECTRIC CO LTD OF PANASONIC GROUP,VBH320RA03K,"320 W, 96 cell HIT monocrystalline module, black backsheet, 600V max system Vdc",UL 61730,320.0,304.7,,Monocrystalline,Mono-c-Si,1.62,96,1.0,N,5.8,70.3,5.43,59.0,45.2,-0.244,0.042,-0.235,,,1.09,55.91,4.35,55.3,,,,,,-0.165205,0.002436,Mono-c-SiMonocrystalline,monoSi,2019,False,True,320.37,0.002,3,-15,1.121,-0.0002677,5.810400814222456,3.171731428242595e-13,0.7068686993296756,394.1843752004981,2.304328466768917,-9.010581906120231
36,SANYO ELECTRIC CO LTD OF PANASONIC GROUP,VBHN320KA01,320 W HIT Hybrid Amorphous /Mono-Crystalline Solar Module,UL 1703,320.0,301.7,,Monocrystalline,Mono-c-Si,1.67,96,1.0,N,5.89,70.5,5.46,58.7,43.8,-0.31,0.03,-0.25,0.002,-0.31,1.09,56.85,4.39,55.4,,Flat Plate,1.053,1.59,1.0,-0.17625,0.001767,Mono-c-SiMonocrystalline,monoSi,2017,False,True,320.502,0.002,3,-15,1.121,-0.0002677,5.903888779235822,2.612814422987712e-12,0.722262455706406,306.2994807189688,2.481831718151637,1.9680438950181809
37,SANYO ELECTRIC CO LTD OF PANASONIC GROUP,VBHN320KA03,"320 W, 96 cell HIT Hybrid Amorphous/Monocrystalline Module",UL 1703,320.0,297.6,,Monocrystalline,Mono-c-Si,1.56,96,,N,5.89,70.5,5.46,58.7,49.1,-0.303,0.053,-0.265,0.018,-0.32,1.45,57.31,4.49,54.3,,,,,,-0.186825,0.0031217,Mono-c-SiMonocrystalline,monoSi,2018,False,True,320.502,0.002,3,-15,1.121,-0.0002677,,,,,,
38,SANYO ELECTRIC CO LTD OF PANASONIC GROUP,VBHN320SA15,320 W HIT Hybrid Amorphous /Mono-Crystalline Solar Module,UL 1703,320.0,301.7,,Monocrystalline,Mono-c-Si,1.67,96,1.0,N,5.98,69.4,5.59,57.3,43.8,-0.31,0.03,-0.25,0.002,-0.31,1.12,55.49,4.49,54.1,Rack,Flat Plate,1.053,1.59,1.0,-0.1735,0.001794,Mono-c-SiMonocrystalline,monoSi,1900,False,True,320.30699999999996,0.002,3,-15,1.121,-0.0002677,5.991727735876867,2.1148783304662957e-12,0.8009985274099272,408.43102620112654,2.422876853083497,0.05196295693127382
39,SANYO ELECTRIC CO LTD OF PANASONIC GROUP,VBHN320SA15B,320 W HIT Hybrid Amorphous /Mono-Crystalline Solar Module,UL 1703,320.0,301.7,,Monocrystalline,Mono-c-Si,1.67,96,1.0,N,5.98,69.4,5.59,57.3,43.8,-0.31,0.03,-0.25,0.002,-0.31,1.12,55.49,4.49,54.1,Rack,Flat Plate,1.053,1.59,1.0,-0.1735,0.001794,Mono-c-SiMonocrystalline,monoSi,1900,False,True,320.30699999999996,0.002,3,-15,1.121,-0.0002677,5.991727735876867,2.1148783304662957e-12,0.8009985274099272,408.43102620112654,2.422876853083497,0.05196295693127382
40,SANYO ELECTRIC CO LTD OF PANASONIC GROUP,VBHN320SA16,320 W HIT Hybrid Amorphous /Mono-Crystalline Solar Module,UL 1703,320.0,301.7,,Monocrystalline,Mono-c-Si,1.67,96,1.0,N,5.98,69.4,5.59,57.3,43.8,-0.31,0.03,-0.25,0.002,-0.31,1.12,55.49,4.49,54.1,Rack,Flat Plate,1.053,1.59,1.0,-0.1735,0.001794,Mono-c-SiMonocrystalline,monoSi,1900,False,True,320.30699999999996,0.002,3,-15,1.121,-0.0002677,5.991727735876867,2.1148783304662957e-12,0.8009985274099272,408.43102620112654,2.422876853083497,0.05196295693127382
41,SANYO ELECTRIC CO LTD OF PANASONIC GROUP,VBHN320SA16B,320 W HIT Hybrid Amorphous /Mono-Crystalline Solar Module,UL 1703,320.0,301.7,,Monocrystalline,Mono-c-Si,1.67,96,1.0,N,5.98,69.4,5.59,57.3,43.8,-0.31,0.03,-0.25,0.002,-0.31,1.12,55.49,4.49,54.1,Rack,Flat Plate,1.053,1.59,1.0,-0.1735,0.001794,Mono-c-SiMonocrystalline,monoSi,1900,False,True,320.30699999999996,0.002,3,-15,1.121,-0.0002677,5.991727735876867,2.1148783304662957e-12,0.8009985274099272,408.43102620112654,2.422876853083497,0.05196295693127382
42,SANYO ELECTRIC CO LTD OF PANASONIC GROUP,VBHN320ZA01,320 W HIT Hybrid Amorphous /Monocrystalline Module,UL 1703,320.0,301.7,,Monocrystalline,Mono-c-Si,1.67,96,1.0,N,5.98,69.4,5.59,57.3,43.8,-0.31,0.03,-0.25,0.002,-0.31,1.12,55.49,4.49,54.1,Rack,Flat Plate,1.053,1.59,1.0,-0.1735,0.001794,Mono-c-SiMonocrystalline,monoSi,1900,False,True,320.30699999999996,0.002,3,-15,1.121,-0.0002677,5.991727735876867,2.1148783304662957e-12,0.8009985274099272,408.43102620112654,2.422876853083497,0.05196295693127382
43,SANYO ELECTRIC CO LTD OF PANASONIC GROUP,VBHN320ZA03,320 W HIT monocrystalline with Silicon Heterojunction (SHJ) technology,UL 1703,320.0,297.0,,Monocrystalline,Mono-c-Si,1.6,96,,N,5.89,70.5,5.46,58.7,48.9,-0.311,0.044,-0.257,-0.005,-0.307,1.41,57.54,4.41,54.3,,,,,,-0.181185,0.0025916,Mono-c-SiMonocrystalline,monoSi,2018,False,True,320.502,0.002,3,-15,1.121,-0.0002677,,,,,,
44,SANYO ELECTRIC CO LTD OF PANASONIC GROUP,VBHN320ZA04,"320 W, 96 cell HIT monocrystalline module, black backsheet, 600V max system Vdc",UL 1703,320.0,299.2,,Monocrystalline,Mono-c-Si,1.6,96,,N,5.89,70.5,5.46,58.7,49.2,-0.278,0.062,-0.262,0.031,-0.307,1.43,58.69,4.44,55.5,,,,,,-0.18471,0.0036518,Mono-c-SiMonocrystalline,monoSi,2018,False,True,320.502,0.002,3,-15,1.121,-0.0002677,,,,,,
45,SANYO ELECTRIC CO LTD OF PANASONIC GROUP,VBH325RA03K,"325 W, 96 cell HIT monocrystalline module, black backsheet, 600V max system Vdc",UL 61730,325.0,309.6,,Monocrystalline,Mono-c-Si,1.62,96,1.0,N,5.8,70.6,5.45,59.7,45.2,-0.244,0.042,-0.235,,,1.1,56.57,4.37,55.9,,,,,,-0.16591,0.002436,Mono-c-SiMonocrystalline,monoSi,2019,False,True,325.365,0.002,3,-15,1.121,-0.0002677,5.807878350213301,3.3559277176200717e-13,0.6175950564187002,454.6702316410485,2.3181748319838342,-8.587983467973448
46,SANYO ELECTRIC CO LTD OF PANASONIC GROUP,VBH325RA18N,"325 W, 96 cell HIT monocrystalline module, white backsheet, 1000V max system Vdc",UL 61730,325.0,308.9,,Monocrystalline,Mono-c-Si,1.62,96,1.0,N,6.0,70.3,5.58,58.3,44.9,-0.257,0.038,-0.234,,,1.13,55.43,4.53,54.5,,,,,,-0.164502,0.00228,Mono-c-SiMonocrystalline,monoSi,2019,False,True,325.31399999999996,0.002,3,-15,1.121,-0.0002677,6.015692741328508,4.21304450130018e-13,0.8138509325620762,311.1696990379927,2.3238506802383463,-6.58429124705221
47,SANYO ELECTRIC CO LTD OF PANASONIC GROUP,VBHN325SA15,325 W HIT Hybrid Amorphous /Mono-Crystalline Solar Module,UL 1703,325.0,306.5,,Monocrystalline,Mono-c-Si,1.67,96,1.0,N,6.03,69.6,5.65,57.6,43.8,-0.31,0.03,-0.25,0.002,-0.31,1.13,55.79,4.54,54.4,Rack,Flat Plate,1.053,1.59,1.0,-0.174,0.001809,Mono-c-SiMonocrystalline,monoSi,1900,False,True,325.44000000000005,0.002,3,-15,1.121,-0.0002677,6.040332656281226,2.137245553878655e-12,0.7695372608152311,449.09165288249835,2.4298307820963685,0.06046976425761583
48,SANYO ELECTRIC CO LTD OF PANASONIC GROUP,VBHN325SA15B,325 W HIT Hybrid Amorphous /Mono-Crystalline Solar Module,UL 1703,325.0,306.5,,Monocrystalline,Mono-c-Si,1.67,96,1.0,N,6.03,69.6,5.65,57.6,43.8,-0.31,0.03,-0.25,0.002,-0.31,1.13,55.79,4.54,54.4,Rack,Flat Plate,1.053,1.59,1.0,-0.174,0.001809,Mono-c-SiMonocrystalline,monoSi,1900,False,True,325.44000000000005,0.002,3,-15,1.121,-0.0002677,6.040332656281226,2.137245553878655e-12,0.7695372608152311,449.09165288249835,2.4298307820963685,0.06046976425761583
49,SANYO ELECTRIC CO LTD OF PANASONIC GROUP,VBHN325SA16,325 W HIT Hybrid Amorphous /Mono-Crystalline Solar Module,UL 1703,325.0,306.5,,Monocrystalline,Mono-c-Si,1.67,96,1.0,N,6.03,69.6,5.65,57.6,43.8,-0.31,0.03,-0.25,0.002,-0.31,1.13,55.79,4.54,54.4,Rack,Flat Plate,1.053,1.59,1.0,-0.174,0.001809,Mono-c-SiMonocrystalline,monoSi,1900,False,True,325.44000000000005,0.002,3,-15,1.121,-0.0002677,6.040332656281226,2.137245553878655e-12,0.7695372608152311,449.09165288249835,2.4298307820963685,0.06046976425761583
50,SANYO ELECTRIC CO LTD OF PANASONIC GROUP,VBHN325SA16B,325 W HIT Hybrid Amorphous /Mono-Crystalline Solar Module,UL 1703,325.0,306.5,,Monocrystalline,Mono-c-Si,1.67,96,1.0,N,6.03,69.6,5.65,57.6,43.8,-0.31,0.03,-0.25,0.002,-0.31,1.13,55.79,4.54,54.4,Rack,Flat Plate,1.053,1.59,1.0,-0.174,0.001809,Mono-c-SiMonocrystalline,monoSi,1900,False,True,325.44000000000005,0.002,3,-15,1.121,-0.0002677,6.040332656281226,2.137245553878655e-12,0.7695372608152311,449.09165288249835,2.4298307820963685,0.06046976425761583
51,SANYO ELECTRIC CO LTD OF PANASONIC GROUP,VBHN325SA17,"325 W, 96 cell heterojunction monocrystalline module, white backsheet, 600V max system Vdc",UL 1703,325.0,306.8,,Monocrystalline,Mono-c-Si,1.6,96,,N,6.03,69.6,5.65,57.6,43.8,-0.31,0.03,-0.25,0.002,-0.31,1.114140351,56.4777931,4.479359649,55.07751724,,,,,,-0.174,0.001809,Mono-c-SiMonocrystalline,monoSi,2018,False,True,325.44000000000005,0.002,3,-15,1.121,-0.0002677,,,,,,
52,SANYO ELECTRIC CO LTD OF PANASONIC GROUP,VBHN325SA17E,"325 W, 96 cell heterojunction monocrystalline ACPV module, white backsheet. DC Module: VBHN325SA17. Micro-inverter: IQ7X-96-x-ACM-US-y-z-&.",UL 1741,325.0,306.8,This component is specific to ACPV modules and is not available as an individual unit.,Monocrystalline,Mono-c-Si,1.6,96,1.0,N,6.03,69.6,5.65,57.6,43.8,-0.31,0.03,-0.25,,,1.11,56.48,4.48,55.1,,,,,,-0.174,0.001809,Mono-c-SiMonocrystalline,monoSi,2019,False,True,325.44000000000005,0.002,3,-15,1.121,-0.0002677,6.040332656281226,2.137245553878655e-12,0.7695372608152311,449.09165288249835,2.4298307820963685,0.06046976425761583
53,SANYO ELECTRIC CO LTD OF PANASONIC GROUP,VBHN325ZA01,325 W HIT Hybrid Amorphous /Monocrystalline Module,UL 1703,325.0,306.5,,Monocrystalline,Mono-c-Si,1.67,96,1.0,N,6.03,69.6,5.65,57.6,43.8,-0.31,0.03,-0.25,0.002,-0.31,1.13,55.79,4.54,54.4,Rack,Flat Plate,1.053,1.59,1.0,-0.174,0.001809,Mono-c-SiMonocrystalline,monoSi,1900,False,True,325.44000000000005,0.002,3,-15,1.121,-0.0002677,6.040332656281226,2.137245553878655e-12,0.7695372608152311,449.09165288249835,2.4298307820963685,0.06046976425761583
54,SANYO ELECTRIC CO LTD OF PANASONIC GROUP,VBH330RA03K,"330 W, 96 cell HIT monocrystalline module, black backsheet, 600V max system Vdc",UL 61730,330.0,314.4,,Monocrystalline,Mono-c-Si,1.62,96,1.0,N,5.81,70.9,5.48,60.3,45.2,-0.244,0.042,-0.235,,,1.1,57.14,4.4,56.5,,,,,,-0.166615,0.0024402,Mono-c-SiMonocrystalline,monoSi,2019,False,True,330.444,0.002,3,-15,1.121,-0.0002677,5.815911454625882,3.4647090475426556e-13,0.548832535281432,539.4132631101834,2.3300358890383412,-8.36879223291198
55,SANYO ELECTRIC CO LTD OF PANASONIC GROUP,VBH330RA18N,"330 W, 96 cell HIT monocrystalline module, white backsheet, 1000V max system Vdc",UL 61730,330.0,313.8,,Monocrystalline,Mono-c-Si,1.62,96,1.0,N,6.01,70.6,5.6,59.0,44.9,-0.257,0.038,-0.234,,,1.14,56.1,4.55,55.2,,,,,,-0.165204,0.0022838,Mono-c-SiMonocrystalline,monoSi,2019,False,True,330.4,0.002,3,-15,1.121,-0.0002677,6.023251974583235,4.580844910084929e-13,0.7246887020833652,328.6588781886511,2.339992667765493,-5.9426183348393655
56,SANYO ELECTRIC CO LTD OF PANASONIC GROUP,VBHN330SA15,330 W HIT Hybrid Amorphous /Mono-Crystalline Solar Module,UL 1703,330.0,311.3,,Monocrystalline,Mono-c-Si,1.67,96,1.0,N,6.07,69.7,5.7,58.0,43.8,-0.31,0.03,-0.25,0.002,-0.31,1.14,56.17,4.58,54.8,Rack,Flat Plate,1.053,1.59,1.0,-0.17425,0.001821,Mono-c-SiMonocrystalline,monoSi,1900,False,True,330.6,0.002,3,-15,1.121,-0.0002677,6.07868882474931,2.255768781353477e-12,0.7022372766931643,490.58191386409385,2.437176360486087,0.44224286736866586
57,SANYO ELECTRIC CO LTD OF PANASONIC GROUP,VBHN330SA15B,330 W HIT Hybrid Amorphous /Mono-Crystalline Solar Module,UL 1703,330.0,311.3,,Monocrystalline,Mono-c-Si,1.67,96,1.0,N,6.07,69.7,5.7,58.0,43.8,-0.31,0.03,-0.25,0.002,-0.31,1.14,56.17,4.58,54.8,Rack,Flat Plate,1.053,1.59,1.0,-0.17425,0.001821,Mono-c-SiMonocrystalline,monoSi,1900,False,True,330.6,0.002,3,-15,1.121,-0.0002677,6.07868882474931,2.255768781353477e-12,0.7022372766931643,490.58191386409385,2.437176360486087,0.44224286736866586
58,SANYO ELECTRIC CO LTD OF PANASONIC GROUP,VBHN330SA16,"330 W, 96 cell HIT monocrystalline module, 600V max system Vdc",UL 1703,330.0,311.7,,Monocrystalline,Mono-c-Si,1.6,96,1.0,N,6.07,69.7,5.7,58.0,43.8,-0.31,0.03,-0.25,0.002,-0.31,1.124,56.87,4.519,55.46,Rack,Flat Plate,1.053,1.59,1.0,-0.17425,0.001821,Mono-c-SiMonocrystalline,monoSi,1900,False,True,330.6,0.002,3,-15,1.121,-0.0002677,6.07868882474931,2.255768781353477e-12,0.7022372766931643,490.58191386409385,2.437176360486087,0.44224286736866586
59,SANYO ELECTRIC CO LTD OF PANASONIC GROUP,VBHN330SA16B,330 W HIT Hybrid Amorphous /Mono-Crystalline Solar Module,UL 1703,330.0,311.3,,Monocrystalline,Mono-c-Si,1.67,96,1.0,N,6.07,69.7,5.7,58.0,43.8,-0.31,0.03,-0.25,0.002,-0.31,1.14,56.17,4.58,54.8,Rack,Flat Plate,1.053,1.59,1.0,-0.17425,0.001821,Mono-c-SiMonocrystalline,monoSi,1900,False,True,330.6,0.002,3,-15,1.121,-0.0002677,6.07868882474931,2.255768781353477e-12,0.7022372766931643,490.58191386409385,2.437176360486087,0.44224286736866586
60,SANYO ELECTRIC CO LTD OF PANASONIC GROUP,VBHN330SA17,"330 W, 96 cell heterojunction monocrystalline module, white backsheet, 600V max system Vdc",UL 1703,330.0,311.7,,Monocrystalline,Mono-c-Si,1.6,96,,N,6.07,69.7,5.7,58.0,43.8,-0.31,0.03,-0.25,0.002,-0.31,1.124,56.87,4.519,55.46,,,,,,-0.17425,0.001821,Mono-c-SiMonocrystalline,monoSi,2018,False,True,330.6,0.002,3,-15,1.121,-0.0002677,,,,,,
61,SANYO ELECTRIC CO LTD OF PANASONIC GROUP,VBHN330SA17E,"330 W, 96 cell heterojunction monocrystalline ACPV module, white backsheet. DC Module: VBHN330SA17. Micro-inverter: IQ7X-96-x-ACM-US-y-z-&.",UL 1741,330.0,311.7,This component is specific to ACPV modules and is not available as an individual unit.,Monocrystalline,Mono-c-Si,1.6,96,1.0,N,6.07,69.7,5.7,58.0,43.8,-0.31,0.03,-0.25,,,1.12,56.87,4.52,55.5,,,,,,-0.17425,0.001821,Mono-c-SiMonocrystalline,monoSi,2019,False,True,330.6,0.002,3,-15,1.121,-0.0002677,6.07868882474931,2.255768781353477e-12,0.7022372766931643,490.58191386409385,2.437176360486087,0.44224286736866586
62,SANYO ELECTRIC CO LTD OF PANASONIC GROUP,VBHN330ZA01,330 W HIT Hybrid Amorphous /Monocrystalline Module,UL 1703,330.0,311.3,,Monocrystalline,Mono-c-Si,1.67,96,1.0,N,6.07,69.7,5.7,58.0,43.8,-0.31,0.03,-0.25,0.002,-0.31,1.14,56.17,4.58,54.8,Rack,Flat Plate,1.053,1.59,1.0,-0.17425,0.001821,Mono-c-SiMonocrystalline,monoSi,1900,False,True,330.6,0.002,3,-15,1.121,-0.0002677,6.07868882474931,2.255768781353477e-12,0.7022372766931643,490.58191386409385,2.437176360486087,0.44224286736866586
63,SANYO ELECTRIC CO LTD OF PANASONIC GROUP,VBHN332SA16,332W HIT Hybrid Amorphous /Mono-Crystalline Solar Module,UL 1703,332.0,313.3,,Monocrystalline,Mono-c-Si,1.67,96,1.0,N,6.08,69.8,5.72,58.1,43.8,-0.31,0.03,-0.25,0.002,-0.31,1.14,56.27,4.6,54.9,Rack,Flat Plate,1.053,1.59,1.0,-0.1745,0.001824,Mono-c-SiMonocrystalline,monoSi,1900,False,True,332.332,0.002,3,-15,1.121,-0.0002677,6.087835599647159,2.215006595509967e-12,0.6990401291716898,542.41719618332,2.438794811783698,0.27034494276101306
64,SANYO ELECTRIC CO LTD OF PANASONIC GROUP,VBHN332SA16B,332W HIT Hybrid Amorphous /Mono-Crystalline Solar Module,UL 1703,332.0,313.3,,Monocrystalline,Mono-c-Si,1.67,96,1.0,N,6.08,69.8,5.72,58.1,43.8,-0.31,0.03,-0.25,0.002,-0.31,1.14,56.27,4.6,54.9,Rack,Flat Plate,1.053,1.59,1.0,-0.1745,0.001824,Mono-c-SiMonocrystalline,monoSi,1900,False,True,332.332,0.002,3,-15,1.121,-0.0002677,6.087835599647159,2.215006595509967e-12,0.6990401291716898,542.41719618332,2.438794811783698,0.27034494276101306
65,SANYO ELECTRIC CO LTD OF PANASONIC GROUP,VBHN333SA16,333W HIT Hybrid Amorphous /Mono-Crystalline Solar Module,UL 1703,333.0,314.2,,Monocrystalline,Mono-c-Si,1.67,96,1.0,N,6.09,69.8,5.73,58.2,43.8,-0.31,0.03,-0.25,0.002,-0.31,1.15,56.37,4.6,55.0,Rack,Flat Plate,1.053,1.59,1.0,-0.1745,0.001827,Mono-c-SiMonocrystalline,monoSi,1900,False,True,333.48600000000005,0.002,3,-15,1.121,-0.0002677,6.097624878083669,2.268663690192522e-12,0.6780041115070998,541.5227626264086,2.440699041417763,0.45402812449204805
66,SANYO ELECTRIC CO LTD OF PANASONIC GROUP,VBHN333SA16B,333W HIT Hybrid Amorphous /Mono-Crystalline Solar Module,UL 1703,333.0,314.2,,Monocrystalline,Mono-c-Si,1.67,96,1.0,N,6.09,69.8,5.73,58.2,43.8,-0.31,0.03,-0.25,0.002,-0.31,1.15,56.37,4.6,55.0,Rack,Flat Plate,1.053,1.59,1.0,-0.1745,0.001827,Mono-c-SiMonocrystalline,monoSi,1900,False,True,333.48600000000005,0.002,3,-15,1.121,-0.0002677,6.097624878083669,2.268663690192522e-12,0.6780041115070998,541.5227626264086,2.440699041417763,0.45402812449204805
67,SANYO ELECTRIC CO LTD OF PANASONIC GROUP,VBH335RA03K,"335 W, 96 cell HIT monocrystalline module, black backsheet, 600V max system Vdc",UL 61730,335.0,319.3,,Monocrystalline,Mono-c-Si,1.62,96,1.0,N,5.82,71.1,5.51,60.9,45.2,-0.244,0.042,-0.235,,,1.11,57.71,4.42,57.1,,,,,,-0.167085,0.0024444,Mono-c-SiMonocrystalline,monoSi,2019,False,True,335.55899999999997,0.002,3,-15,1.121,-0.0002677,5.824104891503474,3.6422325905248367e-13,0.4627784311482522,656.1368224200385,2.3400293931798712,-8.008518701293971
68,SANYO ELECTRIC CO LTD OF PANASONIC GROUP,VBH335RA18N,"335 W, 96 cell HIT monocrystalline module, white backsheet, 1000V max system Vdc",UL 61730,335.0,318.6,,Monocrystalline,Mono-c-Si,1.62,96,1.0,N,6.01,70.9,5.62,59.7,44.9,-0.257,0.038,-0.234,,,1.14,56.77,4.57,55.8,,,,,,-0.165906,0.0022838,Mono-c-SiMonocrystalline,monoSi,2019,False,True,335.514,0.002,3,-15,1.121,-0.0002677,6.020352975228602,4.854529344251253e-13,0.6377357130643019,370.2116108061997,2.3541902691970007,-5.4956514555568265
69,SANYO ELECTRIC CO LTD OF PANASONIC GROUP,VBHN335SA16,335 W HIT Hybrid Amorphous /Mono-Crystalline Solar Module,UL 1703,335.0,316.2,,Monocrystalline,Mono-c-Si,1.67,96,1.0,N,6.11,69.9,5.75,58.4,43.8,-0.31,0.03,-0.25,0.002,-0.31,1.15,56.56,4.62,55.2,Rack,Flat Plate,1.053,1.59,1.0,-0.17475,0.001833,Mono-c-SiMonocrystalline,monoSi,1900,False,True,335.8,0.002,3,-15,1.121,-0.0002677,6.117352287785513,2.3332462409368573e-12,0.6536651890390468,543.2178971788,2.4463114511284547,0.6582553364529792
70,SANYO ELECTRIC CO LTD OF PANASONIC GROUP,VBHN335SA16B,335 W HIT Hybrid Amorphous /Mono-Crystalline Solar Module,UL 1703,335.0,316.2,,Monocrystalline,Mono-c-Si,1.67,96,1.0,N,6.11,69.9,5.75,58.4,43.8,-0.31,0.03,-0.25,0.002,-0.31,1.15,56.56,4.62,55.2,Rack,Flat Plate,1.053,1.59,1.0,-0.17475,0.001833,Mono-c-SiMonocrystalline,monoSi,1900,False,True,335.8,0.002,3,-15,1.121,-0.0002677,6.117352287785513,2.3332462409368573e-12,0.6536651890390468,543.2178971788,2.4463114511284547,0.6582553364529792
71,SANYO ELECTRIC CO LTD OF PANASONIC GROUP,VBHN335SA17,"335 W, 96 cell HIT monocrystalline module, 600V max system Vdc",UL 1703,335.0,316.5,,Monocrystalline,Mono-c-Si,1.6,96,,N,6.08,71.0,5.65,59.4,43.8,-0.31,0.03,-0.25,0.002,-0.31,1.114140351,58.24272414,4.479359649,56.79868966,,,,,,-0.1775,0.001824,Mono-c-SiMonocrystalline,monoSi,2018,False,True,335.61,0.002,3,-15,1.121,-0.0002677,,,,,,
72,SANYO ELECTRIC CO LTD OF PANASONIC GROUP,VBH340RA18N,"340 W, 96 cell HIT monocrystalline module, white backsheet, 1000V max system Vdc",UL 61730,340.0,323.5,,Monocrystalline,Mono-c-Si,1.62,96,1.0,N,6.02,71.2,5.64,60.3,44.9,-0.257,0.038,-0.234,,,1.15,57.34,4.58,56.4,,,,,,-0.166608,0.0022876,Mono-c-SiMonocrystalline,monoSi,2019,False,True,340.092,0.002,3,-15,1.121,-0.0002677,6.028683139528279,5.137005454504605e-13,0.5701636585686237,395.2931095916866,2.368333623659411,-5.065364315594222
73,SANYO ELECTRIC CO LTD OF PANASONIC GROUP,VBHN340SA17,"340 W, 96 cell HIT monocrystalline module, 600V max system Vdc",UL 1703,340.0,321.3,,Monocrystalline,Mono-c-Si,1.6,96,,N,6.13,71.3,5.7,59.7,43.8,-0.31,0.03,-0.25,0.002,-0.31,1.124,58.53687931,4.519,57.08555172,,,,,,-0.17825,0.001839,Mono-c-SiMonocrystalline,monoSi,2019,False,True,340.29,0.002,3,-15,1.121,-0.0002677,,,,,,
74,SANYO ELECTRIC CO LTD OF PANASONIC GROUP,VBHN345SA17,"345 W, 96 cell HIT monocrystalline module, 600V max system Vdc",UL 1703,345.0,326.2,,Monocrystalline,Mono-c-Si,1.6,96,,N,6.18,71.6,5.76,60.1,43.8,-0.31,0.03,-0.25,0.002,-0.31,1.135831579,58.92908621,4.566568421,57.46803448,,,,,,-0.179,0.001854,Mono-c-SiMonocrystalline,monoSi,2019,False,True,346.176,0.002,3,-15,1.121,-0.0002677,,,,,,
75,SolarCity Corp,SC315B1,315W HIT monocrystalline with Silicon Heterojunction (SHJ) technology,UL 1703,315.0,292.2,,Monocrystalline,Mono-c-Si,1.6,96,,N,5.83,70.2,5.4,58.4,48.9,-0.311,0.044,-0.257,-0.005,-0.307,1.41,57.54,4.41,54.3,,,,,,-0.180414,0.0025652,Mono-c-SiMonocrystalline,monoSi,2018,False,True,315.36,0.002,3,-15,1.121,-0.0002677,,,,,,
76,SolarCity Corp,SC315B2,315 W HIT monocrystalline with Silicon Heterojunction (SHJ) technology,UL 1703,315.0,294.4,,Monocrystalline,Mono-c-Si,1.6,96,,N,5.83,70.2,5.4,58.4,49.2,-0.278,0.062,-0.262,0.031,-0.307,1.39,57.79,4.32,54.6,,,,,,-0.183924,0.0036146,Mono-c-SiMonocrystalline,monoSi,2018,False,True,315.36,0.002,3,-15,1.121,-0.0002677,,,,,,
77,SolarCity Corp,SC320,320 W HIT Hybrid Amorphous /Monocrystalline Module,UL 1703,320.0,301.7,,HIT-Si Thin Film,Multi-c-Si,1.674,96,1.0,N,5.98,69.4,5.59,57.3,43.8,-0.31,0.03,-0.25,0.002,-0.31,1.12,55.49,4.49,54.12,Rack,Flat Plate,1.053,1.59,1.0,-0.1735,0.001794,Multi-c-SiHIT-Si Thin Film,monoSi,1900,False,True,320.30699999999996,0.002,3,-15,1.121,-0.0002677,5.991727735876867,2.1148783304662957e-12,0.8009985274099272,408.43102620112654,2.422876853083497,0.05196295693127382
78,SolarCity Corp,SC320B1,320 W HIT monocrystalline with Silicon Heterojunction (SHJ) technology,UL 1703,320.0,297.0,,Monocrystalline,Mono-c-Si,1.6,96,,N,5.89,70.5,5.46,58.7,48.9,-0.311,0.044,-0.257,-0.005,-0.307,1.41,57.54,4.41,54.3,,,,,,-0.181185,0.0025916,Mono-c-SiMonocrystalline,monoSi,2018,False,True,320.502,0.002,3,-15,1.121,-0.0002677,,,,,,
79,SolarCity Corp,SC320B2,"320 W, 96 cell HIT monocrystalline module, black backsheet, 600V max system Vdc",UL 1703,320.0,299.2,,Monocrystalline,Mono-c-Si,1.6,96,,N,5.89,70.5,5.46,58.7,49.2,-0.2775,0.062,-0.2616,0.0314,-0.3071,1.429265537,58.68984429,4.442033898,55.46032872,,,,,,-0.184428,0.0036518,Mono-c-SiMonocrystalline,monoSi,2019,False,True,320.502,0.002,3,-15,1.121,-0.0002677,,,,,,
80,SolarCity Corp,SC325,325 W HIT Hybrid Amorphous /Monocrystalline Module,UL 1703,325.0,306.5,,HIT-Si Thin Film,Multi-c-Si,1.674,96,1.0,N,6.03,69.6,5.65,57.6,43.8,-0.31,0.03,-0.25,0.002,-0.31,1.13,55.79,4.54,54.4,Rack,Flat Plate,1.053,1.59,1.0,-0.174,0.001809,Multi-c-SiHIT-Si Thin Film,monoSi,1900,False,True,325.44000000000005,0.002,3,-15,1.121,-0.0002677,6.040332656281226,2.137245553878655e-12,0.7695372608152311,449.09165288249835,2.4298307820963685,0.06046976425761583
81,SolarCity Corp,SC330,330 W HIT Hybrid Amorphous /Monocrystalline Module,UL 1703,330.0,311.3,,HIT-Si Thin Film,Multi-c-Si,1.674,96,1.0,N,6.07,69.7,5.7,58.0,43.8,-0.31,0.03,-0.25,0.002,-0.31,1.14,56.17,4.58,54.78,Rack,Flat Plate,1.053,1.59,1.0,-0.17425,0.001821,Multi-c-SiHIT-Si Thin Film,monoSi,1900,False,True,330.6,0.002,3,-15,1.121,-0.0002677,6.07868882474931,2.255768781353477e-12,0.7022372766931643,490.58191386409385,2.437176360486087,0.44224286736866586
82,REC Solar,REC340AA,"340 W, 120 half-cut cell monocrystalline HJT module, white backsheet, 1000V max system Vdc","UL 61730, UL 1703",340.0,322.7,,Monocrystalline,Mono-c-Si,1.68,60,2.0,N,10.09,43.1,9.34,36.4,44.0,-0.279,0.037,-0.241,,,1.85,34.05,7.42,33.8,,,,,,-0.103871,0.0037333,Mono-c-SiMonocrystalline,monoSi,2019,False,True,339.976,0.002,3,-15,1.121,-0.0002677,10.110894538605674,2.2464675642015986e-12,0.20652222338303547,99.7298516115859,1.4815276960108064,-0.1158094363265723
83,REC Solar,REC340AA Black,"340 W, 120 half-cut cell monocrystalline HJT module, black backsheet, 1000V max system Vdc","UL 61730, UL 1703",340.0,321.0,,Monocrystalline,Mono-c-Si,1.69,60,2.0,N,10.09,43.1,9.34,36.4,45.6,-0.282,0.038,-0.24,,,1.83,34.62,7.38,34.2,,,,,,-0.10344,0.0038342,Mono-c-SiMonocrystalline,monoSi,2019,False,True,339.976,0.002,3,-15,1.121,-0.0002677,10.110608668118518,2.5914042963010633e-12,0.20470706288749232,100.22453918271313,1.488828137017322,1.4763145592473224
84,REC Solar,REC345AA,"345 W, 120 half-cut cell monocrystalline HJT module, white backsheet, 1000V max system Vdc","UL 61730, UL 1703",345.0,327.5,,Monocrystalline,Mono-c-Si,1.68,60,2.0,N,10.12,43.4,9.39,36.7,44.0,-0.279,0.037,-0.241,,,1.86,34.33,7.46,34.1,,,,,,-0.104594,0.0037444,Mono-c-SiMonocrystalline,monoSi,2019,False,True,344.61300000000006,0.002,3,-15,1.121,-0.0002677,10.139109137159432,2.221365136165069e-12,0.20201140086388458,106.98313379534449,1.4909751517520071,-0.2430744056439937
85,REC Solar,REC345AA Black,"345 W, 120 half-cut cell monocrystalline HJT module, black backsheet, 1000V max system Vdc","UL 61730, UL 1703",345.0,325.8,,Monocrystalline,Mono-c-Si,1.69,60,2.0,N,10.12,43.4,9.39,36.7,45.6,-0.282,0.038,-0.24,,,1.84,34.9,7.42,34.5,,,,,,-0.10416,0.0038456,Mono-c-SiMonocrystalline,monoSi,2019,False,True,344.61300000000006,0.002,3,-15,1.121,-0.0002677,10.138837460527158,2.56250278212822e-12,0.2001945476112166,107.54999696785367,1.4983189358868392,1.3474834655749337
86,REC Solar,REC350AA,"350 W, 120 half-cut cell monocrystalline HJT module, white backsheet, 1000V max system Vdc","UL 61730, UL 1703",350.0,332.4,,Monocrystalline,Mono-c-Si,1.68,60,2.0,N,10.16,43.8,9.45,37.1,44.0,-0.279,0.037,-0.241,,,1.88,34.7,7.51,34.5,,,,,,-0.105558,0.0037592,Mono-c-SiMonocrystalline,monoSi,2019,False,True,350.59499999999997,0.002,3,-15,1.121,-0.0002677,10.177226191070686,2.209290952048211e-12,0.19597760087655164,115.58750376093874,1.5040920770914217,-0.3307074916290511
87,REC Solar,REC350AA Black,"350 W, 120 half-cut cell monocrystalline HJT module, black backsheet, 1000V max system Vdc",UL 61730,350.0,331.3,,Monocrystalline,Mono-c-Si,1.69,60,2.0,N,10.44,43.2,9.73,36.0,46.0,-0.266,0.037,-0.235,,,1.81,34.65,7.35,34.2,,,,,,-0.10152,0.0038628,Mono-c-SiMonocrystalline,monoSi,2019,False,True,350.28000000000003,0.002,3,-15,1.121,-0.0002677,10.463187403444412,1.0423954933847031e-12,0.2636054683143311,118.68690241737569,1.4447215255478452,-4.18933792417989
88,REC Solar,REC355AA,"355 W, 120 half-cut cell monocrystalline HJT module, white backsheet, 1000V max system Vdc","UL 61730, UL 1703",355.0,337.2,,Monocrystalline,Mono-c-Si,1.68,60,2.0,N,10.19,44.0,9.5,37.4,44.0,-0.279,0.037,-0.241,,,1.89,34.99,7.55,34.8,,,,,,-0.10604,0.0037703,Mono-c-SiMonocrystalline,monoSi,2019,False,True,355.3,0.002,3,-15,1.121,-0.0002677,10.204828494728421,2.2543111840311916e-12,0.1810203650547571,124.3954665918881,1.5117281802608704,-0.19775828583526311
89,REC Solar,REC355AA Black,"355 W, 120 half-cut cell monocrystalline HJT module, black backsheet, 1000V max system Vdc",UL 61730,355.0,336.2,,Monocrystalline,Mono-c-Si,1.69,60,2.0,N,10.47,43.6,9.77,36.4,46.0,-0.266,0.037,-0.235,,,1.81,35.03,7.38,34.6,,,,,,-0.10246,0.0038739,Mono-c-SiMonocrystalline,monoSi,2019,False,True,355.628,0.002,3,-15,1.121,-0.0002677,10.491681695354474,1.0552202001436513e-12,0.2575903186127351,124.3892874835973,1.4584927540204289,-4.119010279793565
90,REC Solar,REC360AA,"360 W, 120 half-cut cell monocrystalline HJT module, white backsheet, 1000V max system Vdc","UL 61730, UL 1703",360.0,342.1,,Monocrystalline,Mono-c-Si,1.68,60,2.0,N,10.23,44.1,9.55,37.7,44.0,-0.279,0.037,-0.241,,,1.9,35.27,7.59,35.1,,,,,,-0.106281,0.0037851,Mono-c-SiMonocrystalline,monoSi,2019,False,True,360.0350000000001,0.002,3,-15,1.121,-0.0002677,10.24232266224336,2.4054240043665842e-12,0.15540289544963978,129.01202594262088,1.518287640982106,0.302493332960174
91,REC Solar,REC360AA Black,"360 W, 120 half-cut cell monocrystalline HJT module, black backsheet, 1000V max system Vdc",UL 61730,360.0,341.0,,Monocrystalline,Mono-c-Si,1.69,60,2.0,N,10.49,43.9,9.82,36.7,46.0,-0.266,0.037,-0.235,,,1.82,35.32,7.42,34.9,,,,,,-0.103165,0.0038813,Mono-c-SiMonocrystalline,monoSi,2019,False,True,360.39400000000006,0.002,3,-15,1.121,-0.0002677,10.50885849719453,1.0333646741020125e-12,0.25329104828290105,140.89262096613768,1.4672302301563238,-4.315694083570896
92,REC Solar,REC365AA,"365 W, 120 half-cut cell monocrystalline HJT module, white backsheet, 1000V max system Vdc","UL 61730, UL 1703",365.0,346.9,,Monocrystalline,Mono-c-Si,1.68,60,2.0,N,10.26,44.3,9.6,38.0,44.0,-0.279,0.037,-0.241,,,1.91,35.55,7.63,35.3,,,,,,-0.106763,0.0037962,Mono-c-SiMonocrystalline,monoSi,2019,False,True,364.8,0.002,3,-15,1.121,-0.0002677,10.27033889461882,2.451360511034845e-12,0.14084631045895266,139.77153255886748,1.5258871345927372,0.42584994239878354
93,REC Solar,REC365AA Black,"365 W, 120 half-cut cell monocrystalline HJT module, black backsheet, 1000V max system Vdc",UL 61730,365.0,345.9,,Monocrystalline,Mono-c-Si,1.69,60,2.0,N,10.52,44.0,9.85,37.1,46.0,-0.266,0.037,-0.235,,,1.83,35.71,7.44,35.3,,,,,,-0.1034,0.0038924,Mono-c-SiMonocrystalline,monoSi,2019,False,True,365.435,0.002,3,-15,1.121,-0.0002677,10.536333117819757,1.1632354492734487e-12,0.21676900091194684,139.61877427625052,1.476298096654031,-3.384491305185251
94,REC Solar,REC370AA,"370 W, 120 half-cut cell monocrystalline HJT module, white backsheet, 1000V max system Vdc",UL 61730,370.0,351.8,,Monocrystalline,Mono-c-Si,1.69,60,2.0,N,10.55,44.1,9.9,37.4,45.5,-0.258,0.034,-0.236,,,1.89,35.65,7.67,35.3,,,,,,-0.104076,0.003587,Mono-c-SiMonocrystalline,monoSi,2019,False,True,370.26,0.002,3,-15,1.121,-0.0002677,10.564064967808921,7.939223266264848e-13,0.1972512244966847,147.95628735457254,1.460718177297075,-6.805762723531658
95,REC Solar,REC370AA Black,"370 W, 120 half-cut cell monocrystalline HJT module, black backsheet, 1000V max system Vdc",UL 61730,370.0,350.7,,Monocrystalline,Mono-c-Si,1.69,60,2.0,N,10.55,44.1,9.9,37.4,46.0,-0.266,0.037,-0.235,,,1.84,36.0,7.48,35.6,,,,,,-0.103635,0.0039035,Mono-c-SiMonocrystalline,monoSi,2020,False,True,370.26,0.002,3,-15,1.121,-0.0002677,10.563406897673348,1.2269089052631077e-12,0.19219671715436026,151.2412055128816,1.482057656085561,-2.9845137511374076
96,REC Solar,REC375AA,"375 W, 120 half-cut cell monocrystalline HJT module, white backsheet, 1000V max system Vdc",UL 61730,375.0,356.6,,Monocrystalline,Mono-c-Si,1.69,60,2.0,N,10.58,44.2,9.94,37.8,45.5,-0.258,0.034,-0.236,,,1.9,36.03,7.7,35.7,,,,,,-0.104312,0.0035972,Mono-c-SiMonocrystalline,monoSi,2020,False,True,375.732,0.002,3,-15,1.121,-0.0002677,10.591159998178522,8.791790679115208e-13,0.16149586973975744,153.10274022759904,1.4688205787226807,-6.0291520484084415
97,REC Solar,REC375AA Black,"375 W, 120 half-cut cell monocrystalline HJT module, black backsheet, 1000V max system Vdc",UL 61730,375.0,355.6,,Monocrystalline,Mono-c-Si,1.69,60,2.0,N,10.58,44.2,9.94,37.8,46.0,-0.266,0.037,-0.235,,,1.84,36.38,7.51,35.9,,,,,,-0.10387,0.0039146,Mono-c-SiMonocrystalline,monoSi,2020,False,True,375.732,0.002,3,-15,1.121,-0.0002677,10.590568973879094,1.358228309770637e-12,0.15639240139639132,156.5555583862233,1.4903338869571612,-2.183777741461503
98,SolarCity Corp,SC310B2,310 W HIT monocrystalline with Silicon Heterojunction (SHJ) technology,UL 1703,310.0,289.7,,Monocrystalline,Mono-c-Si,1.6,96,,N,5.78,69.9,5.34,58.1,49.2,-0.278,0.062,-0.262,0.031,-0.307,1.39,57.79,4.32,54.6,,,,,,-0.183138,0.0035836,Mono-c-SiMonocrystalline,monoSi,2018,False,True,310.254,0.002,3,-15,1.121,-0.0002677,,,,,,
99,REC Solar,REC380AA,"380 W, 120 half-cut cell monocrystalline HJT module, white backsheet, 1000V max system Vdc",UL 61730,380.0,361.5,,Monocrystalline,Mono-c-Si,1.69,60,2.0,N,10.61,44.3,9.98,38.1,45.5,-0.258,0.034,-0.236,,,1.9,36.32,7.73,35.9,,,,,,-0.104548,0.0036074,Mono-c-SiMonocrystalline,monoSi,2020,False,True,380.23800000000006,0.002,3,-15,1.121,-0.0002677,10.619141317448687,9.376103942715411e-13,0.13735931426818973,159.42803985542838,1.4751136246908667,-5.546740138752098
100,REC Solar,REC380AA Black,"380 W, 120 half-cut cell monocrystalline HJT module, black backsheet, 1000V max system Vdc",UL 61730,380.0,360.4,,Monocrystalline,Mono-c-Si,1.69,60,2.0,N,10.61,44.3,9.98,38.1,46.0,-0.266,0.037,-0.235,,,1.85,36.67,7.54,36.2,,,,,,-0.104105,0.0039257,Mono-c-SiMonocrystalline,monoSi,2020,False,True,380.23800000000006,0.002,3,-15,1.121,-0.0002677,10.618600162431324,1.4481725241456986e-12,0.13222826877580543,163.12970168902217,1.4967521378634099,-1.6865288308293696
101,REC Solar,REC385AA,"385 W, 120 half-cut cell monocrystalline HJT module, white backsheet, 1000V max system Vdc",UL 61730,385.0,366.4,,Monocrystalline,Mono-c-Si,1.69,60,2.0,N,10.64,44.4,10.03,38.4,45.5,-0.258,0.034,-0.236,,,1.91,36.6,7.77,36.2,,,,,,-0.104784,0.0036176,Mono-c-SiMonocrystalline,monoSi,2020,False,True,385.152,0.002,3,-15,1.121,-0.0002677,10.646936901988695,9.858350600407324e-13,0.11363552813444969,174.29711702743114,1.4806740618143428,-5.179646447002451
102,SANYO ELECTRIC CO LTD OF PANASONIC GROUP,VBHN210AA01,210 W HIT Hybrid Amorphous/Monocrystalline Module,UL 1703,210.0,194.9,,Monocrystalline,Mono-c-Si,1.25,72,1.0,N,5.57,50.9,5.09,41.3,46.0,-0.336,0.036,-0.278,0.002,-0.337,1.02,40.48,4.09,38.4,Rack,Flat Plate,0.789,1.58,1.0,-0.141502,0.0020052,Mono-c-SiMonocrystalline,monoSi,1900,False,True,210.217,0.002,3,-15,1.121,-0.0002677,5.594527119700101,7.0055953703980345e-12,0.7579363099319463,172.12397168479418,1.8609382474207121,-0.2817722817284248
103,SANYO ELECTRIC CO LTD OF PANASONIC GROUP,VBHN210AA01B,210 W HIT Hybrid Amorphous/Monocrystalline Module,UL 1703,210.0,194.9,,Monocrystalline,Mono-c-Si,1.25,72,1.0,N,5.57,50.9,5.09,41.3,46.0,-0.336,0.036,-0.278,0.002,-0.337,1.02,40.48,4.09,38.4,Rack,Flat Plate,0.789,1.58,1.0,-0.141502,0.0020052,Mono-c-SiMonocrystalline,monoSi,1900,False,True,210.217,0.002,3,-15,1.121,-0.0002677,5.594527119700101,7.0055953703980345e-12,0.7579363099319463,172.12397168479418,1.8609382474207121,-0.2817722817284248
104,Applied Materials,1/4 Size Tandem Junction,114 W Thin Film Tandem Junction Module,UL 1703,114.0,104.6,,Thin Film,Thin Film,1.43,106,1.0,N,1.3,137.6,1.08,106.0,44.1,-0.368,0.104,-0.401,0.165,-0.475,0.21,98.71,0.86,96.65,Rack,Flat Plate,1.1,1.3,1.0,-0.551776,0.001352,Thin FilmThin Film,amorphous,1900,False,True,114.48,0.002,3,-15,1.75,-0.0002677,1.3264833873149637,1.0767296808834035e-10,13.213264600152941,648.6045355174064,5.966995679787267,-4.032890231197161
105,Applied Materials,1/2-L Size Tandem Junction,229 W Thin Film Tandem Junction Module,UL 1703,229.0,210.1,,Thin Film,Thin Film,2.86,216,1.0,N,1.3,280.0,1.08,216.0,44.1,-0.368,0.104,-0.401,0.165,-0.475,0.21,201.14,0.86,196.95,Rack,Flat Plate,1.3,2.2,1.0,-1.1228,0.001352,Thin FilmThin Film,amorphous,1900,False,True,233.28000000000003,0.002,3,-15,1.75,-0.0002677,1.326126050807201,1.102650349899134e-10,26.54175848822553,1320.685165663061,12.154785368583992,-3.844860270369142
106,Applied Materials,1/2-P Size Tandem Junction,229 W Thin Film Tandem Junction Module,UL 1703,229.0,210.1,,Thin Film,Thin Film,2.86,106,1.0,N,2.6,137.6,2.16,106.0,44.1,-0.368,0.104,-0.401,0.165,-0.475,0.41,98.71,1.73,96.65,Rack,Flat Plate,1.1,2.6,1.0,-0.551776,0.002704,Thin FilmThin Film,amorphous,1900,False,True,228.96,0.002,3,-15,1.75,-0.0002677,2.65296677487534,2.153459341837392e-10,6.606632297517652,324.30226520730315,5.966995677794636,-4.032890300133393
107,Applied Materials,Full Size Tandem Junction,458 W Thin Film Tandem Junction Module,UL 1703,458.0,420.2,,Thin Film,Thin Film,5.72,216,1.0,N,2.6,280.0,2.16,216.0,44.1,-0.368,0.104,-0.401,0.165,-0.475,0.41,201.14,1.73,196.95,Rack,Flat Plate,2.2,2.6,1.0,-1.1228,0.002704,Thin FilmThin Film,amorphous,1900,False,True,466.56000000000006,0.002,3,-15,1.75,-0.0002677,2.6522521022664356,2.205300672226389e-10,13.270879857377063,660.342616889607,12.154785358355115,-3.844866987120009
108,REC Solar,REC420AA 72,"420 W, 144 half-cut cell monocrystalline HJT module, white backsheet, 1000V max system Vdc",UL 61730,420.0,397.9,,Monocrystalline,Mono-c-Si,2.06,72,2.0,N,10.2,52.5,9.45,44.5,45.2,-0.272,0.029,-0.235,1.905,42.065,1.9,42.06,7.62,41.4,,,,,,-0.123375,0.002958,Mono-c-SiMonocrystalline,monoSi,2020,False,True,420.525,0.002,3,-15,1.121,-0.0002677,10.220303744664456,1.2580939527183554e-12,0.2390686558446301,120.10101241692477,1.7687435515054177,-2.3239153408628814
109,REC Solar,REC420AA 72 XV,"420 W, 144 half-cut cell monocrystalline HJT module, white backsheet, 1500V max system Vdc",UL 61730,420.0,397.9,,Monocrystalline,Mono-c-Si,2.06,72,2.0,N,10.2,52.5,9.45,44.5,45.2,-0.272,0.029,-0.235,,,1.9,42.06,7.62,41.4,,,,,,-0.123375,0.002958,Mono-c-SiMonocrystalline,monoSi,2020,False,True,420.525,0.002,3,-15,1.121,-0.0002677,10.220303744664456,1.2580939527183554e-12,0.2390686558446301,120.10101241692477,1.7687435515054177,-2.3239153408628814
110,REC Solar,REC425AA 72,"425 W, 144 half-cut cell monocrystalline HJT module, white backsheet, 1000V max system Vdc",UL 61730,425.0,402.8,,Monocrystalline,Mono-c-Si,2.06,72,2.0,N,10.23,52.6,9.49,44.8,45.2,-0.272,0.029,-0.235,1.913,42.348,1.91,42.35,7.65,41.7,,,,,,-0.12361,0.0029667,Mono-c-SiMonocrystalline,monoSi,2020,False,True,425.152,0.002,3,-15,1.121,-0.0002677,10.247626776987524,1.3255795775472603e-12,0.2133478132853437,123.820034242021,1.774995421963577,-1.9263792293691706
111,REC Solar,REC425AA 72 XV,"425 W, 144 half-cut cell monocrystalline HJT module, white backsheet, 1500V max system Vdc",UL 61730,425.0,402.8,,Monocrystalline,Mono-c-Si,2.06,72,2.0,N,10.23,52.6,9.49,44.8,45.2,-0.272,0.029,-0.235,,,1.91,42.35,7.65,41.7,,,,,,-0.12361,0.0029667,Mono-c-SiMonocrystalline,monoSi,2020,False,True,425.152,0.002,3,-15,1.121,-0.0002677,10.247626776987524,1.3255795775472603e-12,0.2133478132853437,123.820034242021,1.774995421963577,-1.9263792293691706
112,REC Solar,REC430AA 72,"430 W, 144 half-cut cell monocrystalline HJT module, white backsheet, 1000V max system Vdc",UL 61730,430.0,407.6,,Monocrystalline,Mono-c-Si,2.06,72,2.0,N,10.25,52.7,9.54,45.1,45.2,-0.272,0.029,-0.235,1.923,42.632,1.92,42.63,7.69,42.0,,,,,,-0.123845,0.0029725,Mono-c-SiMonocrystalline,monoSi,2020,False,True,430.254,0.002,3,-15,1.121,-0.0002677,10.264223759745635,1.3568162695570404e-12,0.18847869134011133,135.8224984921034,1.7794429601378936,-1.7657375187946613
113,REC Solar,REC430AA 72 XV,"430 W, 144 half-cut cell monocrystalline HJT module, white backsheet, 1500V max system Vdc",UL 61730,430.0,407.6,,Monocrystalline,Mono-c-Si,2.06,72,2.0,N,10.25,52.7,9.54,45.1,45.2,-0.272,0.029,-0.235,1.923,,1.92,42.63,7.69,42.0,,,,,,-0.123845,0.0029725,Mono-c-SiMonocrystalline,monoSi,2020,False,True,430.254,0.002,3,-15,1.121,-0.0002677,10.264223759745635,1.3568162695570404e-12,0.18847869134011133,135.8224984921034,1.7794429601378936,-1.7657375187946613
114,REC Solar,REC435AA 72,"435 W, 144 half-cut cell monocrystalline HJT module, white backsheet, 1000V max system Vdc",UL 61730,435.0,412.4,,Monocrystalline,Mono-c-Si,2.06,72,2.0,N,10.27,52.9,9.59,45.4,45.2,-0.272,0.029,-0.235,1.933,42.916,1.93,42.92,7.73,42.2,,,,,,-0.124315,0.0029783,Mono-c-SiMonocrystalline,monoSi,2020,False,True,435.386,0.002,3,-15,1.121,-0.0002677,10.281870438995698,1.3526598061533914e-12,0.17432987422604415,150.82574532193138,1.7856767348036051,-1.8210080553180996
115,REC Solar,REC435AA 72 XV,"435 W, 144 half-cut cell monocrystalline HJT module, white backsheet, 1500V max system Vdc",UL 61730,435.0,412.4,,Monocrystalline,Mono-c-Si,2.06,72,2.0,N,10.27,52.9,9.59,45.4,45.2,-0.272,0.029,-0.235,,,1.93,42.92,7.73,42.2,,,,,,-0.124315,0.0029783,Mono-c-SiMonocrystalline,monoSi,2020,False,True,435.386,0.002,3,-15,1.121,-0.0002677,10.281870438995698,1.3526598061533914e-12,0.17432987422604415,150.82574532193138,1.7856767348036051,-1.8210080553180996
116,REC Solar,REC440AA 72,"440 W, 144 half-cut cell monocrystalline HJT module, white backsheet, 1000V max system Vdc",UL 61730,440.0,417.3,,Monocrystalline,Mono-c-Si,2.06,72,2.0,N,10.31,53.0,9.63,45.7,45.2,-0.272,0.029,-0.235,1.941,43.199,1.94,43.2,7.76,42.5,,,,,,-0.12455,0.0029899,Mono-c-SiMonocrystalline,monoSi,2020,False,True,440.09100000000007,0.002,3,-15,1.121,-0.0002677,10.320164759736821,1.4427726185785658e-12,0.14893023565087163,151.05824137600632,1.7927229707207415,-1.3247720032803934
117,REC Solar,REC440AA 72 XV,"440 W, 144 half-cut cell monocrystalline HJT module, white backsheet, 1500V max system Vdc",UL 61730,440.0,417.3,,Monocrystalline,Mono-c-Si,2.06,72,2.0,N,10.31,53.0,9.63,45.7,45.2,-0.272,0.029,-0.235,,,1.94,43.2,7.76,42.5,,,,,,-0.12455,0.0029899,Mono-c-SiMonocrystalline,monoSi,2020,False,True,440.09100000000007,0.002,3,-15,1.121,-0.0002677,10.320164759736821,1.4427726185785658e-12,0.14893023565087163,151.05824137600632,1.7927229707207415,-1.3247720032803934
118,REC Solar,REC445AA 72,"445 W, 144 half-cut cell monocrystalline HJT module, white backsheet, 1000V max system Vdc",UL 61730,445.0,422.1,,Monocrystalline,Mono-c-Si,2.06,72,2.0,N,10.38,53.2,9.68,46.0,45.2,-0.272,0.029,-0.235,1.951,43.483,1.95,43.48,7.8,42.8,,,,,,-0.12502,0.0030102,Mono-c-SiMonocrystalline,monoSi,2020,False,True,445.28,0.002,3,-15,1.121,-0.0002677,10.389706153795567,1.541528468571652e-12,0.133208995646747,142.45698184771723,1.8032396750144677,-0.8279506919279783
119,REC Solar,REC445AA 72 XV,"445 W, 144 half-cut cell monocrystalline HJT module, white backsheet, 1500V max system Vdc",UL 61730,445.0,422.1,,Monocrystalline,Mono-c-Si,2.06,72,2.0,N,10.38,53.2,9.68,46.0,45.2,-0.272,0.029,-0.235,,,1.95,43.48,7.8,42.8,,,,,,-0.12502,0.0030102,Mono-c-SiMonocrystalline,monoSi,2020,False,True,445.28,0.002,3,-15,1.121,-0.0002677,10.389706153795567,1.541528468571652e-12,0.133208995646747,142.45698184771723,1.8032396750144677,-0.8279506919279783
120,REC Solar,REC450AA 72,"450 W, 144 half-cut cell monocrystalline HJT module, white backsheet, 1000V max system Vdc",UL 61730,450.0,427.0,,Monocrystalline,Mono-c-Si,2.06,72,2.0,N,10.43,53.2,9.72,46.3,45.2,-0.272,0.029,-0.235,,,1.96,43.77,7.83,43.1,,,,,,-0.12502,0.0030247,Mono-c-SiMonocrystalline,monoSi,2020,False,True,450.036,0.002,3,-15,1.121,-0.0002677,10.437380658483612,1.708818807326238e-12,0.09755730578614424,137.86340362329227,1.8093428896167725,-0.011071417510805221
121,REC Solar,REC450AA 72 XV,"450 W, 144 half-cut cell monocrystalline HJT module, white backsheet, 1500V max system Vdc",UL 61730,450.0,427.0,,Monocrystalline,Mono-c-Si,2.06,72,2.0,N,10.43,53.2,9.72,46.3,45.2,-0.272,0.029,-0.235,1.959,,1.96,43.77,7.83,43.1,,,,,,-0.12502,0.0030247,Mono-c-SiMonocrystalline,monoSi,2020,False,True,450.036,0.002,3,-15,1.121,-0.0002677,10.437380658483612,1.708818807326238e-12,0.09755730578614424,137.86340362329227,1.8093428896167725,-0.011071417510805221
122,Du Pont Apollo,DA130-C2,130 W Tandem Junction Thin Film Module,UL 1703,130.0,119.6,,Thin Film,Thin Film,1.54,119,1.0,N,1.28,154.96,1.08,120.75,46.8,-0.316,-0.055,-0.31,0.01,-0.322,0.2,113.45,0.84,110.82,Rack,Flat Plate,1.1,1.4,1.0,-0.480376,-0.000704,Thin FilmThin Film,amorphous,1900,False,True,130.41,0.002,3,-15,1.75,-0.0002677,1.3098966517732542,6.7055351292604774e-15,17.54451007634461,751.153442486839,4.733854899096802,-41.96458608844345
123,Du Pont Apollo,DA133-C2,133W Tandem Junction Thin Film Module,UL 1703,133.0,122.4,,Thin Film,Thin Film,1.54,119,1.0,N,1.29,156.73,1.09,122.13,46.8,-0.316,-0.055,-0.31,0.01,-0.322,0.2,114.75,0.85,112.09,Rack,Flat Plate,1.1,1.4,1.0,-0.485863,-0.0007095,Thin FilmThin Film,amorphous,1900,False,True,133.1217,0.002,3,-15,1.75,-0.0002677,1.3197769444269332,6.645862125734559e-15,17.594008146290875,762.2095196833893,4.785228819678943,-42.05444099117689
124,Du Pont Apollo,DA136-C2,136W Tandem Junction Thin Film Module,UL 1703,136.0,125.2,,Thin Film,Thin Film,1.54,119,1.0,N,1.31,158.49,1.1,123.5,46.8,-0.316,-0.055,-0.31,0.01,-0.322,0.21,116.04,0.85,113.35,Rack,Flat Plate,1.1,1.4,1.0,-0.491319,-0.0007205,Thin FilmThin Film,amorphous,1900,False,True,135.85000000000002,0.002,3,-15,1.75,-0.0002677,1.3417990292015805,7.266282460805882e-15,17.575375449042387,724.0391425965142,4.85102466005017,-41.65721550313477
125,Panasonic Corporation of North America,EVPV350K,"350 W, 120 half-cut cell monocrystalline HJT module, black backsheet, 1000V max system Vdc",UL 61730,350.0,331.3,,Monocrystalline,Mono-c-Si,1.69,60,2.0,N,10.44,43.2,9.73,36.0,46.0,-0.266,0.037,-0.235,,,1.81,34.65,7.35,34.2,,,,,,-0.10152,0.0038628,Mono-c-SiMonocrystalline,monoSi,2020,False,True,350.28000000000003,0.002,3,-15,1.121,-0.0002677,10.463187403444412,1.0423954933847031e-12,0.2636054683143311,118.68690241737569,1.4447215255478452,-4.18933792417989
126,Panasonic Corporation of North America,EVPV360,"360 W, 120 half-cut cell monocrystalline HJT module, white backsheet, 1000V max system Vdc",UL 61730,360.0,342.0,,Monocrystalline,Mono-c-Si,1.69,60,2.0,N,10.49,43.9,9.82,36.7,44.0,-0.279,0.037,-0.241,,,1.9,35.27,7.59,35.1,,,,,,-0.105799,0.0038813,Mono-c-SiMonocrystalline,monoSi,2020,False,True,360.39400000000006,0.002,3,-15,1.121,-0.0002677,10.507911673360013,1.747367001457098e-12,0.24713499882953377,144.73500531111637,1.4934131885405721,-2.540868385147038
127,Panasonic Corporation of North America,EVPV360K,"360 W, 120 half-cut cell monocrystalline HJT module, black backsheet, 1000V max system Vdc",UL 61730,360.0,341.0,,Monocrystalline,Mono-c-Si,1.69,60,2.0,N,10.49,43.9,9.82,36.7,46.0,-0.266,0.037,-0.235,,,1.82,35.32,7.42,34.9,,,,,,-0.103165,0.0038813,Mono-c-SiMonocrystalline,monoSi,2020,False,True,360.39400000000006,0.002,3,-15,1.121,-0.0002677,10.50885849719453,1.0333646741020125e-12,0.25329104828290105,140.89262096613768,1.4672302301563238,-4.315694083570896
128,Panasonic Corporation of North America,EVPV370,"370 W, 120 half-cut cell monocrystalline HJT module, white backsheet, 1000V max system Vdc",UL 61730,370.0,351.8,,Monocrystalline,Mono-c-Si,1.69,60,2.0,N,10.55,44.1,9.9,37.4,45.5,-0.258,0.034,-0.236,,,1.89,35.65,7.67,35.3,,,,,,-0.104076,0.003587,Mono-c-SiMonocrystalline,monoSi,2020,False,True,370.26,0.002,3,-15,1.121,-0.0002677,10.564064967808921,7.939223266264848e-13,0.1972512244966847,147.95628735457254,1.460718177297075,-6.805762723531658
129,Panasonic Corporation of North America,EVPV370K,"370 W, 120 half-cut cell monocrystalline HJT module, black backsheet, 1000V max system Vdc",UL 61730,370.0,350.7,,Monocrystalline,Mono-c-Si,1.69,60,2.0,N,10.55,44.1,9.9,37.4,46.0,-0.266,0.037,-0.235,,,1.84,36.0,7.48,35.6,,,,,,-0.103635,0.0039035,Mono-c-SiMonocrystalline,monoSi,2021,False,True,370.26,0.002,3,-15,1.121,-0.0002677,10.563406897673348,1.2269089052631077e-12,0.19219671715436026,151.2412055128816,1.482057656085561,-2.9845137511374076
130,Panasonic Corporation of North America,EVPV380,"380 W, 120 half-cut cell monocrystalline HJT module, white backsheet, 1000V max system Vdc",UL 61730,380.0,361.5,,Monocrystalline,Mono-c-Si,1.69,60,2.0,N,10.61,44.3,9.98,38.1,45.5,-0.258,0.034,-0.236,,,1.9,36.32,7.73,35.9,,,,,,-0.104548,0.0036074,Mono-c-SiMonocrystalline,monoSi,2021,False,True,380.23800000000006,0.002,3,-15,1.121,-0.0002677,10.619141317448687,9.376103942715411e-13,0.13735931426818973,159.42803985542838,1.4751136246908667,-5.546740138752098
131,SANYO ELECTRIC CO LTD OF PANASONIC GROUP,HIT-N210A01,210 W HIT Hybrid Amorphous/Monocrystalline Module,UL 1703,210.0,194.9,,Monocrystalline,Mono-c-Si,1.25,72,1.0,N,5.57,50.9,5.09,41.3,46.0,-0.336,0.036,-0.278,0.002,-0.337,1.02,40.48,4.09,38.4,Rack,Flat Plate,0.789,1.58,1.0,-0.141502,0.0020052,Mono-c-SiMonocrystalline,monoSi,1900,False,True,210.217,0.002,3,-15,1.121,-0.0002677,5.594527119700101,7.0055953703980345e-12,0.7579363099319463,172.12397168479418,1.8609382474207121,-0.2817722817284248
132,SANYO ELECTRIC CO LTD OF PANASONIC GROUP,HIT-N215A01,215 W HIT Hybrid Amorphous/Monocrystalline Module,UL 1703,215.0,199.6,,Monocrystalline,Mono-c-Si,1.25,72,1.0,N,5.61,51.6,5.13,42.0,46.0,-0.336,0.036,-0.278,0.002,-0.337,1.03,41.17,4.12,39.1,Rack,Flat Plate,0.789,1.58,1.0,-0.143448,0.0020196,Mono-c-SiMonocrystalline,monoSi,1900,False,True,215.46,0.002,3,-15,1.121,-0.0002677,5.6334364669496155,7.317384498054994e-12,0.7330691500688047,175.47516657560863,1.8890112686070633,0.011822543343525178
133,SANYO ELECTRIC CO LTD OF PANASONIC GROUP,VBHN215AA01,215 W HIT Hybrid Amorphous/Monocrystalline Module,UL 1703,215.0,199.6,,Monocrystalline,Mono-c-Si,1.25,72,1.0,N,5.61,51.6,5.13,42.0,46.0,-0.336,0.036,-0.278,0.002,-0.337,1.03,41.17,4.12,39.1,Rack,Flat Plate,0.789,1.58,1.0,-0.143448,0.0020196,Mono-c-SiMonocrystalline,monoSi,1900,False,True,215.46,0.002,3,-15,1.121,-0.0002677,5.6334364669496155,7.317384498054994e-12,0.7330691500688047,175.47516657560863,1.8890112686070633,0.011822543343525178
134,SANYO ELECTRIC CO LTD OF PANASONIC GROUP,VBHN215AA01B,215 W HIT Hybrid Amorphous/Monocrystalline Module,UL 1703,215.0,199.6,,Monocrystalline,Mono-c-Si,1.25,72,1.0,N,5.61,51.6,5.13,42.0,46.0,-0.336,0.036,-0.278,0.002,-0.337,1.03,41.17,4.12,39.1,Rack,Flat Plate,0.789,1.58,1.0,-0.143448,0.0020196,Mono-c-SiMonocrystalline,monoSi,1900,False,True,215.46,0.002,3,-15,1.121,-0.0002677,5.6334364669496155,7.317384498054994e-12,0.7330691500688047,175.47516657560863,1.8890112686070633,0.011822543343525178
135,SANYO ELECTRIC CO LTD OF PANASONIC GROUP,VBHN215AA06,215 W HIT Power N Hybrid Amorphous/Monocrystalline Module,UL 1703,215.0,199.6,,Monocrystalline,Mono-c-Si,1.25,72,1.0,N,5.61,51.6,5.13,42.0,46.0,-0.336,0.036,-0.278,0.002,-0.337,1.03,41.17,4.12,39.1,Rack,Flat Plate,0.789,1.58,1.0,-0.143448,0.0020196,Mono-c-SiMonocrystalline,monoSi,1900,False,True,215.46,0.002,3,-15,1.121,-0.0002677,5.6334364669496155,7.317384498054994e-12,0.7330691500688047,175.47516657560863,1.8890112686070633,0.011822543343525178
136,SANYO ELECTRIC CO LTD OF PANASONIC GROUP,VBHN215AA06B,215 W HIT Power N Hybrid Amorphous/Monocrystalline Module,UL 1703,215.0,199.6,,Monocrystalline,Mono-c-Si,1.25,72,1.0,N,5.61,51.6,5.13,42.0,46.0,-0.336,0.036,-0.278,0.002,-0.337,1.03,41.17,4.12,39.1,Rack,Flat Plate,0.789,1.58,1.0,-0.143448,0.0020196,Mono-c-SiMonocrystalline,monoSi,1900,False,True,215.46,0.002,3,-15,1.121,-0.0002677,5.6334364669496155,7.317384498054994e-12,0.7330691500688047,175.47516657560863,1.8890112686070633,0.011822543343525178
137,SANYO ELECTRIC CO LTD OF PANASONIC GROUP,HIT-N220A01,220 W HIT Hybrid Amorphous/Monocrystalline Module,UL 1703,220.0,204.4,,Monocrystalline,Mono-c-Si,1.25,72,1.0,N,5.35,52.3,5.17,42.7,46.0,-0.336,0.036,-0.278,0.002,-0.337,1.04,40.55,4.1,38.9,Rack,Flat Plate,0.789,1.58,1.0,-0.145394,0.001926,Mono-c-SiMonocrystalline,monoSi,1900,False,True,220.759,0.002,3,-15,1.121,-0.0002677,5.461238808096637,4.578574423610449e-12,0.7353683465488923,1083.5600604083425,1.8814010994092323,-3.636575795558273
138,SANYO ELECTRIC CO LTD OF PANASONIC GROUP,VBHN220AA01,220 W HIT Hybrid Amorphous/Monocrystalline Module,UL 1703,220.0,204.4,,Monocrystalline,Mono-c-Si,1.25,72,1.0,N,5.35,52.3,5.17,42.7,46.0,-0.336,0.036,-0.278,0.002,-0.337,1.04,40.55,4.1,38.9,Rack,Flat Plate,0.789,1.58,1.0,-0.145394,0.001926,Mono-c-SiMonocrystalline,monoSi,1900,False,True,220.759,0.002,3,-15,1.121,-0.0002677,5.461238808096637,4.578574423610449e-12,0.7353683465488923,1083.5600604083425,1.8814010994092323,-3.636575795558273
139,SANYO ELECTRIC CO LTD OF PANASONIC GROUP,VBHN220AA01B,220 W HIT Hybrid Amorphous/Monocrystalline Module,UL 1703,220.0,204.4,,Monocrystalline,Mono-c-Si,1.25,72,1.0,N,5.35,52.3,5.17,42.7,46.0,-0.336,0.036,-0.278,0.002,-0.337,1.04,40.55,4.1,38.9,Rack,Flat Plate,0.789,1.58,1.0,-0.145394,0.001926,Mono-c-SiMonocrystalline,monoSi,1900,False,True,220.759,0.002,3,-15,1.121,-0.0002677,5.461238808096637,4.578574423610449e-12,0.7353683465488923,1083.5600604083425,1.8814010994092323,-3.636575795558273
140,SANYO ELECTRIC CO LTD OF PANASONIC GROUP,VBHN220DA02,220 W HIT Hybrid Amorphous/Monocrystalline Module,UL 1703,220.0,206.5,,Monocrystalline,Mono-c-Si,1.41,72,1.0,N,5.52,51.8,5.17,42.6,45.8,-0.284,0.047,-0.235,-0.044,-0.24,1.04,40.21,4.19,39.5,Rack,Flat Plate,0.862,1.63,1.0,-0.12173,0.0025944,Mono-c-SiMonocrystalline,monoSi,1900,False,True,220.242,0.002,3,-15,1.121,-0.0002677,5.530810660851278,1.2128278683284012e-12,0.6957577292767159,355.2588247365619,1.7787432905470912,2.117520954224146
141,SANYO ELECTRIC CO LTD OF PANASONIC GROUP,VBHN220DA02B,220 W HIT Hybrid Amorphous/Monocrystalline Module,UL 1703,220.0,206.5,,Monocrystalline,Mono-c-Si,1.41,72,1.0,N,5.52,51.8,5.17,42.6,45.8,-0.284,0.047,-0.235,-0.044,-0.24,1.04,40.21,4.19,39.5,Rack,Flat Plate,0.862,1.63,1.0,-0.12173,0.0025944,Mono-c-SiMonocrystalline,monoSi,1900,False,True,220.242,0.002,3,-15,1.121,-0.0002677,5.530810660851278,1.2128278683284012e-12,0.6957577292767159,355.2588247365619,1.7787432905470912,2.117520954224146
142,SANYO ELECTRIC CO LTD OF PANASONIC GROUP,VBHN220SA06,220 W HIT Hybrid Amorphous/Monocrystalline Module,UL 1703,220.0,204.5,,Monocrystalline,Mono-c-Si,1.26,72,1.0,N,5.82,50.0,5.38,40.9,48.3,-0.3,0.002,-0.24,0.0,-0.3,1.08,39.38,4.32,38.0,Rack,Flat Plate,0.798,1.58,1.0,-0.12,0.0001164,Mono-c-SiMonocrystalline,monoSi,1900,False,True,220.042,0.002,3,-15,1.121,-0.0002677,5.841249652193322,4.322723398635006e-13,0.7120159803272834,195.01180389243436,1.6561896636533906,-7.913745622856111
143,SANYO ELECTRIC CO LTD OF PANASONIC GROUP,VBHN220SA06B,220 W HIT Hybrid Amorphous/Monocrystalline Module,UL 1703,220.0,204.5,,Monocrystalline,Mono-c-Si,1.26,72,1.0,N,5.82,50.0,5.38,40.9,48.3,-0.3,0.002,-0.24,0.0,-0.3,1.08,39.38,4.32,38.0,Rack,Flat Plate,0.798,1.58,1.0,-0.12,0.0001164,Mono-c-SiMonocrystalline,monoSi,1900,False,True,220.042,0.002,3,-15,1.121,-0.0002677,5.841249652193322,4.322723398635006e-13,0.7120159803272834,195.01180389243436,1.6561896636533906,-7.913745622856111
144,SANYO ELECTRIC CO LTD OF PANASONIC GROUP,HIT-N225A01,225 W HIT Hybrid Amorphous/Monocrystalline Module,UL 1703,225.0,209.1,,Monocrystalline,Mono-c-Si,1.26,72,1.0,N,5.66,53.0,5.21,43.4,46.0,-0.336,0.036,-0.278,0.002,-0.337,1.04,42.95,4.19,40.8,Rack,Flat Plate,0.798,1.58,1.0,-0.14734,0.0020376,Mono-c-SiMonocrystalline,monoSi,1900,False,True,226.114,0.002,3,-15,1.121,-0.0002677,5.678585047346954,7.362668637904241e-12,0.68877301308372,209.76299878366663,1.9395599497574294,-0.033138262252364346
145,SANYO ELECTRIC CO LTD OF PANASONIC GROUP,VBHN225AA01,225 W HIT Hybrid Amorphous/Monocrystalline Module,UL 1703,225.0,209.1,,Monocrystalline,Mono-c-Si,1.26,72,1.0,N,5.66,53.0,5.21,43.4,46.0,-0.336,0.036,-0.278,0.002,-0.337,1.04,42.95,4.19,40.8,Rack,Flat Plate,0.798,1.58,1.0,-0.14734,0.0020376,Mono-c-SiMonocrystalline,monoSi,1900,False,True,226.114,0.002,3,-15,1.121,-0.0002677,5.678585047346954,7.362668637904241e-12,0.68877301308372,209.76299878366663,1.9395599497574294,-0.033138262252364346
146,SANYO ELECTRIC CO LTD OF PANASONIC GROUP,VBHN225AA01B,225 W HIT Hybrid Amorphous/Monocrystalline Module,UL 1703,225.0,209.1,,Monocrystalline,Mono-c-Si,1.26,72,1.0,N,5.66,53.0,5.21,43.4,46.0,-0.336,0.036,-0.278,0.002,-0.337,1.04,42.95,4.19,40.8,Rack,Flat Plate,0.798,1.58,1.0,-0.14734,0.0020376,Mono-c-SiMonocrystalline,monoSi,1900,False,True,226.114,0.002,3,-15,1.121,-0.0002677,5.678585047346954,7.362668637904241e-12,0.68877301308372,209.76299878366663,1.9395599497574294,-0.033138262252364346
147,SANYO ELECTRIC CO LTD OF PANASONIC GROUP,VBHN225DA02,225 W HIT Hybrid Amorphous/Monocrystalline Module,UL 1703,225.0,211.3,,Monocrystalline,Mono-c-Si,1.41,72,1.0,N,5.54,52.4,5.21,43.2,45.8,-0.284,0.047,-0.235,-0.044,-0.24,1.05,40.77,4.22,40.1,Rack,Flat Plate,0.862,1.63,1.0,-0.12314,0.0026038,Mono-c-SiMonocrystalline,monoSi,1900,False,True,225.072,0.002,3,-15,1.121,-0.0002677,5.548559380399609,1.196040784416614e-12,0.6778686236918793,438.7457934662555,1.7979821009518986,1.9520276943940413
148,SANYO ELECTRIC CO LTD OF PANASONIC GROUP,VBHN225DA02B,225 W HIT Hybrid Amorphous/Monocrystalline Module,UL 1703,225.0,211.3,,Monocrystalline,Mono-c-Si,1.41,72,1.0,N,5.54,52.4,5.21,43.2,45.8,-0.284,0.047,-0.235,-0.044,-0.24,1.05,40.77,4.22,40.1,Rack,Flat Plate,0.862,1.63,1.0,-0.12314,0.0026038,Mono-c-SiMonocrystalline,monoSi,1900,False,True,225.072,0.002,3,-15,1.121,-0.0002677,5.548559380399609,1.196040784416614e-12,0.6778686236918793,438.7457934662555,1.7979821009518986,1.9520276943940413
149,SANYO ELECTRIC CO LTD OF PANASONIC GROUP,VBHN225SA06,225 W HIT Hybrid Amorphous/Monocrystalline Module,UL 1703,225.0,209.2,,Monocrystalline,Mono-c-Si,1.26,72,1.0,N,5.83,50.6,5.42,41.6,48.3,-0.3,0.002,-0.24,0.0,-0.3,1.08,40.05,4.35,38.7,Rack,Flat Plate,0.798,1.58,1.0,-0.12144,0.0001166,Mono-c-SiMonocrystalline,monoSi,1900,False,True,225.472,0.002,3,-15,1.121,-0.0002677,5.846935372272518,4.313111741808093e-13,0.6748743236968126,232.32541008267265,1.6755020813392636,-7.9688484043748735
